code,name,population,lat,long,closestHospName,closestHospDist,closestTertHospName,closestTertHospDist
1220,Abbirim,227.0,33.038086,35.286044,Nahariya,31,Rambam,67
472,Abu Ghosh,7543.0,31.806293,35.109193,Shaarey Zedek,12,Hadasa Ein Carem,13
1342,Abu Qureinat,1815.0,31.145681,34.965476,Soroka,31,Soroka,31
473,Abu Sinan,13915.0,32.95803,35.171969,Nahariya,11,Rambam,37
1375,Abu Tulul,1822.0,31.142612,34.913514,Soroka,34,Soroka,34
1068,Adamit,209.0,33.078842,35.20950999999999,Nahariya,18,Rambam,54
2035,Adanim,518.0,32.138798,34.909147999999995,Meir,8,Belinson,9
1123,Adderet,848.0,31.659715,34.994440000000004,Hadasa Ein Carem,33,Hadasa Ein Carem,33
113,Addirim,279.0,32.548941,35.271637,Haemek,16,Rambam,48
1199,Adi,1920.0,32.782353,35.173412,Holy Family,19,Rambam,27
3759,Adora,440.0,31.552219,35.017634,Barzilay,52,Hadasa Ein Carem,58
313,Afeq,684.0,32.838316,35.12778,Rambam,19,Rambam,19
4301,Afiq,329.0,32.779428,35.702994,Poriya,36,Rambam,105
176,Afiqim,1494.0,32.680564000000004,35.57772999999999,Poriya,13,Rambam,83
7700,Afula,51737.0,32.61049310000001,35.28792199999999,Haemek,4,Rambam,47
794,Agur,525.0,31.697475,34.912024,Hadasa Ein Carem,39,Hadasa Ein Carem,39
1157,Ahawa,351.0,31.7776829,35.22419779999999,Hadasa Har Hazofim,4,Hadasa Ein Carem,11
797,Ahi'ezer,1872.0,31.981671,34.871821000000004,Asaf Harofe,12,Shiba,14
785,Ahihud,868.0,32.907405,35.171715,Nahariya,17,Rambam,32
804,Ahisamakh,1374.0,31.931906,34.908576000000004,Asaf Harofe,10,Shiba,24
850,Ahituv,1099.0,32.387701,34.990826,Hilel Yafe,18,Belinson,50
821,Ahuzzam,544.0,31.552682,34.770151,Barzilay,30,Soroka,36
1330,Ahuzzat Baraq,2256.0,32.643101,35.338893,Haemek,7,Rambam,57
7600,Akko,48930.0,32.933052,35.082678,Nahariya,10,Rambam,26
1359,Al Sayyid,5663.0,31.281719,34.916298,Soroka,16,Soroka,16
1316,Al-Aryan,191.0,32.498076,35.125094,Hilel Yafe,29,Rambam,59
1339,Al-Azy,188.0,31.718868,34.814254,Kaplan,23,Shiba,53
3727,Ale Zahav,2739.0,32.072227000000005,35.064135,Asaf Harofe,33,Belinson,34
3750,Alfe Menashe,7865.0,32.170631,35.014858000000004,Meir,14,Belinson,29
1182,Allon HaGalil,1115.0,32.756874,35.220294,Holy Family,13,Rambam,34
3604,Allon Shevut,3151.0,31.654871000000004,35.125256,Hadasa Ein Carem,35,Hadasa Ein Carem,35
429,Allone Abba,991.0,32.730945,35.172028000000005,Scotish,23,Rambam,27
4017,Allone HaBashan,445.0,33.044087,35.838507,Ziv,56,Rambam,123
868,Allone Yizhaq,302.0,32.509997,35.0052,Hilel Yafe,18,Rambam,50
285,Allonim,504.0,32.721459,35.143399,Scotish,19,Rambam,24
688,Alma,712.0,33.05186,35.49963599999999,Ziv,15,Rambam,80
1125,Almagor,389.0,32.912709,35.60231,Ziv,22,Rambam,89
3556,Almog,253.0,31.790034,35.461968,Hadasa Har Hazofim,28,Hadasa Ein Carem,44
3715,Almon,1378.0,31.832068,35.296764,Augosta Victoria,10,Hadasa Ein Carem,24
1146,Alumim,510.0,31.453049,34.514711,Barzilay,32,Soroka,44
1145,Alumma,514.0,31.652041,34.742872,Barzilay,19,Soroka,49
330,Alummot,410.0,32.706628,35.546088,Poriya,5,Rambam,75
23,Amazya,353.0,31.531176,34.914463,Barzilay,41,Soroka,42
319,Amir,592.0,33.1777261,35.6198305,Ziv,43,Rambam,119
1064,Amirim,837.0,32.937351,35.45036500000001,Ziv,17,Rambam,60
385,Ammi'ad,441.0,32.930354,35.54052100000001,Ziv,14,Rambam,84
318,Ammi'oz,206.0,31.248463,34.413404,Soroka,53,Soroka,53
3824,Ammihay,198.0,32.061461,35.303407,Hadasa Har Hazofim,47,Belinson,66
779,Amminadav,1126.0,31.751705,35.142428,Hadasa Ein Carem,3,Hadasa Ein Carem,3
773,Ammiqam,738.0,32.564626000000004,35.020326000000004,Hilel Yafe,24,Rambam,56
1253,Amnun,319.0,32.904989,35.571136,Ziv,20,Rambam,87
708,Amqa,753.0,32.977664000000004,35.161807,Nahariya,8,Rambam,44
1212,Amuqqa,135.0,32.997669,35.52480100000001,Ziv,12,Rambam,96
4012,Ani'am,531.0,32.956638,35.739718,Ziv,47,Rambam,114
637,Ar'ara,24904.0,32.496323,35.097292,Hilel Yafe,23,Rambam,54
1192,Ar'ara-BaNegev,17640.0,31.160927,35.019757,Soroka,30,Soroka,30
1335,Arab Al Naim,788.0,32.888073,35.290128,Nahariya,35,Rambam,41
2560,Arad,26451.0,31.261447,35.214862,Soroka,45,Soroka,45
1246,Aramsha,1662.0,33.08883400000001,35.228839,Nahariya,19,Rambam,56
701,Arbel,738.0,32.8241667,35.49861110000001,Poriya,16,Rambam,73
3598,Argaman,133.0,32.17334,35.522285,Haemek,71,Belinson,90
3570,Ari'el,20456.0,32.104637,35.174514,Asaf Harofe,35,Belinson,36
531,Arrabe,25369.0,32.853705,35.337167,Poriya,34,Rambam,41
1324,Arsuf,166.0,32.212841,34.815977000000004,Meir,16,Ichilov,19
593,Arugot,1164.0,31.732798,34.77624,Kaplan,18,Shiba,48
591,Aseret,998.0,31.824913,34.747459,Kaplan,10,Shiba,37
3754,Asfar,835.0,31.586152,35.187594,Augosta Victoria,36,Hadasa Ein Carem,49
1152,Ashalim,550.0,30.964245,34.699674,Soroka,46,Soroka,46
70,Ashdod,224628.0,31.804381,34.655314000000004,Asuta Ashdod,3,Shiba,40
199,Ashdot Ya'aqov(Ihud),981.0,32.658770000000004,35.579637,Poriya,16,Rambam,85
188,Ashdot Ya'aqov(Me'uhad),513.0,32.664808,35.582769,Poriya,15,Rambam,84
1256,Asherat,549.0,32.971645,35.1557,Nahariya,10,Rambam,40
7100,Ashqelon,140968.0,31.6687885,34.5742523,Barzilay,2,Shiba,55
3658,Ateret,913.0,32.001896,35.176949,Belinson,42,Belinson,42
53,Atlit,8047.0,32.690875,34.942914,Carmel,18,Rambam,19
917,Atsmon Segev,1120.0,32.865802,35.25233499999999,Nahariya,28,Rambam,37
892,Avdon,653.0,33.048792,35.17912800000001,Nahariya,9,Rambam,45
3786,Avenat,185.0,31.679039000000003,35.436945,Hadasa Har Hazofim,46,Hadasa Ein Carem,62
679,Avi'el,815.0,32.531346,34.993493,Hilel Yafe,19,Rambam,51
1070,Avi'ezer,865.0,31.681996,35.018821,Hadasa Ein Carem,30,Hadasa Ein Carem,30
819,Avigedor,820.0,31.711901,34.740369,Asuta Ashdod,16,Shiba,52
175,Avihayil,1410.0,32.350708000000004,34.871229,Laniado,2,Ichilov,34
2052,Avital,502.0,32.557676,35.306412,Haemek,11,Rambam,50
1115,Avivim,477.0,33.089381,35.470338,Ziv,23,Rambam,81
4011,Avne Etan,714.0,32.824808000000004,35.765777,Poriya,42,Rambam,111
3793,Avne Hefez,1895.0,32.284628000000005,35.074551,Meir,26,Belinson,44
1311,Avshalom,274.0,31.195397,34.3312,Soroka,64,Soroka,64
1275,Avtalyon,470.0,32.835781,35.350442,Holy Family,36,Rambam,40
156,Ayanot,390.0,31.9158,34.768097,Kaplan,9,Shiba,19
77,Ayyelet HaShahar,1134.0,33.021115,35.576732,Ziv,21,Rambam,98
711,Azarya,1226.0,31.890495,34.911871999999995,Asaf Harofe,14,Shiba,33
565,Azor,12854.0,32.0245041,34.8058575,Wolfson,5,Ichilov,9
837,Azri'el,918.0,32.262840999999995,34.971133,Meir,17,Belinson,30
817,Azriqam,1455.0,31.751695,34.694818,Asuta Ashdod,9,Shiba,45
2043,Bahan,1054.0,32.351831,35.018542,Laniado,21,Belinson,45
94,Balfurya,512.0,32.629988,35.296281,Haemek,5,Rambam,49
6000,Baqa Al-Gharbiyye,29393.0,32.422891,35.035764,Hilel Yafe,18,Belinson,53
823,Bar Giyyora,672.0,31.729683,35.073414,Hadasa Ein Carem,15,Hadasa Ein Carem,15
1191,Bar Yohay,1062.0,32.997704,35.44819000000001,Ziv,11,Rambam,68
667,Bar'am,590.0,33.058979,35.433235,Ziv,21,Rambam,74
141,Baraq,410.0,30.400899,35.113896000000004,Yoseftal,103,Soroka,143
2038,Bareqet,2035.0,32.018344,34.943179,Shiba,14,Shiba,14
3654,Barqan,1833.0,32.109487,35.106008,Asaf Harofe,32,Belinson,33
617,Barqay,542.0,32.476096000000005,35.031044,Hilel Yafe,17,Rambam,50
1326,Basma,9779.0,32.529401,35.103199,Haemek,25,Rambam,48
944,Basmat Tab'un,7835.0,32.736287,35.1532,Carmel,22,Rambam,23
3794,Bat Ayin,1545.0,31.657653000000003,35.101101,Hadasa Ein Carem,37,Hadasa Ein Carem,37
1323,Bat Hadar,763.0,31.648125,34.597146,Barzilay,9,Shiba,56
1319,Bat Hefer,5342.0,32.333714,35.013729,Laniado,20,Belinson,43
1361,Bat Hen,411.0,32.360194,34.872388,Laniado,6,Ichilov,36
33,Bat Shelomo,651.0,32.600335,35.003837,Hilel Yafe,27,Rambam,39
6200,Bat Yam,128774.0,32.013186,34.748019,Wolfson,4,Ichilov,12
389,Bazra,1217.0,32.214541,34.878122999999995,Meir,5,Belinson,18
1376,Be'er Gannim,1295.0,31.700354,34.610934,Barzilay,9,Shiba,51
1278,Be'er Milka,189.0,30.934112,34.405643,Soroka,78,Soroka,78
21,Be'er Ora,965.0,29.710166,34.987218,Yoseftal,20,Soroka,220
9000,Be'er Sheva,209002.0,31.252973,34.791462,Soroka,1,Soroka,1
155,Be'er Toviyya,1214.0,31.737127,34.725570000000005,Asuta Ashdod,12,Shiba,49
2530,Be'er Ya'aqov,26122.0,31.943507,34.839040000000004,Asaf Harofe,5,Shiba,17
399,Be'eri,1037.0,31.424513,34.492567,Barzilay,35,Soroka,48
450,Be'erot Yizhaq,420.0,32.042025,34.910221,Belinson,10,Belinson,10
697,Be'erotayim,1154.0,32.321039,34.98343,Laniado,16,Belinson,42
480,Beit Jann,11864.0,32.965655,35.381268,Ziv,30,Rambam,60
712,Ben Ammi,775.0,33.005369,35.122218,Nahariya,0,Rambam,37
2013,Ben Shemen (Moshav),865.0,31.958896000000006,34.934104,Asaf Harofe,14,Shiba,21
1084,Ben Shemen(K.No'ar),617.0,31.959019,34.927831,Asaf Harofe,13,Shiba,21
760,Ben Zakkay,1115.0,31.857223,34.727432,Kaplan,11,Shiba,27
685,Benaya,808.0,31.843444,34.751793,Kaplan,12,Shiba,40
448,Bene Atarot,975.0,32.02147,34.910146000000005,Shiba,10,Shiba,10
1066,Bene Ayish,7017.0,31.790235,34.759291,Kaplan,12,Shiba,42
6100,Bene Beraq,198863.0,32.084932,34.835226,Mayney Hayeshua,1,Belinson,4
592,Bene Darom,847.0,31.820870000000006,34.691609,Asuta Ashdod,11,Shiba,35
386,Bene Deror,1221.0,32.261795,34.901791,Meir,11,Belinson,24
588,Bene Re'em,1387.0,31.769972,34.790463,Kaplan,16,Shiba,46
4015,Bene Yehuda,1070.0,32.798262,35.69107,Poriya,38,Rambam,107
418,Bene Ziyyon,1365.0,32.219514000000004,34.868538,Meir,7,Belinson,20
3612,Beqa'ot,176.0,32.24207,35.452636,Haemek,62,Belinson,87
864,Beqoa,752.0,31.827899,34.924732,Kaplan,16,Hadasa Ein Carem,33
3710,Berakha,2620.0,32.049357,34.758355,Wolfson,2,Ichilov,9
746,Berekhya,1273.0,31.668047,34.624296,Barzilay,7,Shiba,55
428,Beror Hayil,986.0,31.556985,34.646547,Barzilay,23,Soroka,48
2060,Berosh,538.0,31.370721000000003,34.634978000000004,Soroka,28,Soroka,28
95,Bet Alfa,692.0,32.516357,35.430499,Haemek,22,Rambam,67
604,Bet Arif,1156.0,31.995352,34.935103000000005,Asaf Harofe,19,Belinson,19
3652,Bet Arye,5139.0,32.040059,35.049471999999994,Belinson,26,Belinson,26
1076,Bet Berl,208.0,32.1997359,34.926073200000005,Meir,4,Belinson,18
466,Bet Dagan,7211.0,32.0017816,34.829708700000005,Asaf Harofe,5,Shiba,10
3574,Bet El,6042.0,31.9416,35.222734,Hadasa Har Hazofim,26,Hadasa Ein Carem,38
562,Bet El'azari,1563.0,31.844717,34.806627,Kaplan,4,Shiba,31
756,Bet Ezra,1137.0,31.736402,34.657514,Asuta Ashdod,7,Shiba,43
571,Bet Gamli'el,1019.0,31.856128,34.760946999999994,Kaplan,10,Shiba,28
619,Bet Guvrin,426.0,31.61288,34.895568,Barzilay,37,Hadasa Ein Carem,44
3645,Bet HaArava,290.0,31.807762,35.476411,Hadasa Har Hazofim,31,Hadasa Ein Carem,47
572,Bet HaEmeq,553.0,32.971014000000004,35.145305,Nahariya,9,Rambam,38
723,Bet HaGaddi,839.0,31.422839,34.607878,Barzilay,31,Soroka,34
373,Bet HaLewi,803.0,32.351596,34.930443,Laniado,12,Belinson,35
242,Bet HaShitta,1264.0,32.550874,35.439351,Haemek,19,Rambam,63
159,Bet Hanan,548.0,31.935211,34.775596,Kaplan,11,Shiba,17
800,Bet Hananya,912.0,32.529504,34.926734,Hilel Yafe,11,Rambam,40
1050,Bet Hashmonay,2190.0,31.890298,34.917599,Asaf Harofe,14,Shiba,33
877,Bet Herut,904.0,32.376223,34.873765,Hilel Yafe,10,Ichilov,40
322,Bet Hillel,791.0,33.208782,35.606515,Ziv,44,Rambam,121
2033,Bet Hilqiyya,1221.0,31.793001,34.809698,Kaplan,15,Shiba,45
3575,Bet Horon,1362.0,31.879890000000003,35.124097,Hadasa Har Hazofim,20,Hadasa Ein Carem,27
430,Bet Lehem HaGelilit,825.0,32.734558,35.191271,Scotish,24,Rambam,28
751,Bet Me'ir,874.0,31.794786,35.036753000000004,Shaarey Zedek,19,Hadasa Ein Carem,20
784,Bet Nehemya,871.0,31.977142,34.953835,Belinson,21,Belinson,21
672,Bet Neqofa,723.0,31.804392,35.126876,Shaarey Zedek,11,Hadasa Ein Carem,12
16,Bet Nir,612.0,31.647627000000004,34.873107,Barzilay,39,Hadasa Ein Carem,47
317,Bet Oren,467.0,32.731601,35.00632,Carmel,13,Rambam,25
202,Bet Oved,253.0,31.921287,34.774905,Kaplan,10,Shiba,19
598,Bet Qama,1396.0,31.446566,34.762248,Soroka,24,Soroka,24
365,Bet Qeshet,706.0,32.718446,35.394952,Haemek,20,Rambam,62
848,Bet Rabban,979.0,31.817497,34.7289,Asuta Ashdod,11,Shiba,35
1162,Bet Rimmon,789.0,32.781845000000004,35.32773800000001,Holy Family,17,Rambam,54
9200,Bet She'an,18227.0,32.497103,35.497336,Haemek,27,Rambam,71
248,Bet She'arim,744.0,32.703757,35.129933,Scotish,20,Rambam,23
2610,Bet Shemesh,118676.0,31.747041,34.988099,Hadasa Ein Carem,28,Hadasa Ein Carem,28
747,Bet Shiqma,873.0,31.637735,34.610074,Barzilay,8,Shiba,57
301,Bet Uzzi'el,645.0,31.87005,34.904858000000004,Asaf Harofe,14,Shiba,33
200,Bet Yannay,387.0,32.381729,34.863507,Laniado,9,Ichilov,39
288,Bet Yehoshua,1054.0,32.262075,34.865418,Meir,12,Belinson,25
326,Bet Yizhaq-Sh. Hefer,2079.0,32.33558,34.8895,Laniado,7,Belinson,32
265,Bet Yosef,460.0,32.558698,35.55277299999999,Poriya,30,Rambam,83
710,Bet Zayit,1678.0,31.783058,35.161117,Shaarey Zedek,8,Hadasa Ein Carem,13
353,Bet Zeid,79.0,32.70221,35.131599,Scotish,19,Rambam,22
143,Bet Zera,590.0,32.689296,35.574062,Poriya,13,Rambam,82
212,Bet Zevi,345.0,32.7215394,34.9688805,Carmel,15,Rambam,19
3780,Betar Illit,56746.0,31.7010023,35.1119254,Hadasa Ein Carem,23,Hadasa Ein Carem,23
589,Bezet,279.0,33.070046999999995,35.132636,Nahariya,12,Rambam,45
483,Bi'ne,8299.0,32.929538,35.27191699999999,Nahariya,28,Rambam,43
9800,Binyamina-Giv'at Ada,15627.0,32.517078000000005,34.955096000000005,Hilel Yafe,12,Rambam,44
998,Bir El-Maksur,9317.0,32.777291,35.220571,Holy Family,15,Rambam,31
1348,Bir Hadage,5735.0,31.02316,34.709138,Soroka,44,Soroka,44
368,Biriyya,843.0,32.978108,35.503096,Ziv,8,Rambam,74
252,Bitan Aharon,122.0,32.364928000000006,34.86956,Laniado,5,Ichilov,36
762,Bitha,789.0,31.333869,34.634318,Soroka,25,Soroka,25
234,Bizzaron,1267.0,31.7949517,34.7293463,Asuta Ashdod,9,Shiba,44
1368,Bne Dkalim,1016.0,31.517188,34.917033,Soroka,44,Soroka,44
1363,Bne Netsarim,728.0,31.143513,34.316403,Soroka,71,Soroka,71
3744,Brukhin,1093.0,32.082231,35.094113,Asaf Harofe,29,Belinson,30
482,Bu'eine-Nujeidat,9645.0,32.807711,35.36527,Poriya,23,Rambam,62
4001,Buq'ata,6528.0,33.2026572,35.7767723,Ziv,58,Rambam,134
698,Burgeta,1120.0,32.325972,34.963848,Laniado,14,Ichilov,41
559,Bustan HaGalil,1305.0,32.948636,35.080688,Nahariya,10,Rambam,30
489,Daburiyya,10402.0,32.69412,35.368513,Scotish,13,Rambam,55
302,Dafna,965.0,33.23075,35.638268,Ziv,48,Rambam,125
475,Dahi,691.0,32.622491,35.343604,Haemek,5,Rambam,55
494,Daliyat Al-Karmel,17427.0,32.693796,35.055446999999994,Carmel,16,Rambam,23
300,Daliyya,801.0,32.58925,35.076965,Haemek,30,Rambam,35
431,Dalton,861.0,33.016553,35.489911,Ziv,10,Rambam,75
303,Dan,732.0,33.239745,35.653803,Ziv,49,Rambam,126
407,Daverat,439.0,32.646729,35.350085,Haemek,6,Rambam,56
62,Deganya Alef,538.0,32.706938,35.575062,Poriya,10,Rambam,79
79,Deganya Bet,655.0,32.69907,35.577551,Poriya,10,Rambam,80
490,Deir Al-Asad,12348.0,32.93445,35.268394,Nahariya,22,Rambam,44
492,Deir Hanna,10259.0,32.862316,35.365253,Poriya,31,Rambam,45
493,Deir Rafat,94.0,31.77653,34.947439,Kaplan,21,Hadasa Ein Carem,34
1317,Demeide,510.0,32.8149647,35.22656420000001,Holy Family,22,Rambam,31
1241,Deqel,341.0,31.195908000000006,34.346771000000004,Soroka,64,Soroka,64
1349,Derig'at,1199.0,31.301885,35.076793,Soroka,34,Soroka,34
849,Devira,999.0,31.411699,34.825177000000004,Soroka,26,Soroka,26
146,Devora,232.0,32.552895,35.26385300000001,Haemek,19,Rambam,51
2200,Dimona,34135.0,31.069419,35.033363,Soroka,41,Soroka,41
2063,Dishon,351.0,33.082318,35.51757199999999,Ziv,24,Rambam,89
3747,Dolev,1341.0,31.926249,35.133591,Belinson,46,Belinson,46
738,Dor,433.0,32.607802,34.923316,Hilel Yafe,25,Rambam,32
336,Dorot,822.0,31.507207,34.645725,Barzilay,29,Soroka,39
1067,Dovev,487.0,33.0508,35.407747,Ziv,22,Rambam,73
3650,Efrat,10088.0,31.653589,35.149934,Hadasa Ein Carem,33,Hadasa Ein Carem,33
530,Eilabun,5703.0,32.837949,35.399996,Poriya,24,Rambam,63
546,Ein Al-Asad,872.0,32.940754,35.401027,Ziv,21,Rambam,59
1320,Ein Hod,304.0,32.700292,34.982716,Carmel,17,Rambam,20
532,Ein Mahel,13130.0,32.724295,35.353369,Holy Family,6,Rambam,47
521,Ein Naqquba,3424.0,31.79391,35.119683,Shaarey Zedek,11,Hadasa Ein Carem,12
4502,Ein Qiniyye,2063.0,33.236680199999995,35.73130620000001,Ziv,59,Rambam,136
514,Ein Rafa,1243.0,31.790605,35.116514,Shaarey Zedek,12,Hadasa Ein Carem,13
1309,El'ad,47866.0,32.04953,34.95075,Belinson,13,Belinson,13
3618,El'azar,2510.0,31.659676,35.143074,Hadasa Ein Carem,31,Hadasa Ein Carem,31
4003,El-Rom,392.0,33.180519,35.770095,Ziv,55,Rambam,132
2600,Elat,51935.0,29.557669,34.951925,Yoseftal,1,Soroka,237
3765,Eli,4311.0,32.071177,35.26685900000001,Hadasa Har Hazofim,43,Belinson,54
4002,Eli-Ad,401.0,32.806583,35.736575,Poriya,40,Rambam,109
1365,Eliav,427.0,31.530203000000004,34.928414000000004,Soroka,41,Soroka,41
1248,Elifaz,152.0,29.796248,35.012094,Yoseftal,30,Soroka,211
730,Elifelet,633.0,32.947834,35.548516,Ziv,12,Rambam,85
841,Elishama,1199.0,32.154778,34.930461,Meir,7,Belinson,12
294,Elon,1020.0,33.062526,35.219162,Nahariya,16,Rambam,52
3579,Elon More,1946.0,32.234418,35.331201,Asaf Harofe,64,Belinson,65
1126,Elot,317.0,29.580548,34.963023,Yoseftal,4,Soroka,234
3560,Elqana,3812.0,32.110566,35.032053999999995,Asaf Harofe,21,Belinson,22
603,Elqosh,292.0,33.034294,35.326348,Nahariya,24,Rambam,61
41,Elyakhin,3486.0,32.407659,34.925028000000005,Hilel Yafe,12,Shiba,46
682,Elyaqim,888.0,32.633345,35.067613,Carmel,28,Rambam,29
204,Elyashiv,733.0,32.380196000000005,34.909945,Hilel Yafe,10,Belinson,36
772,Emunim,979.0,31.743885,34.674492,Asuta Ashdod,7,Shiba,44
687,En Ayyala,1177.0,32.629963000000004,34.944296,Carmel,25,Rambam,28
436,En Dor,1026.0,32.655468,35.416388,Haemek,17,Rambam,70
2042,En Gedi,603.0,31.451191,35.383571,Hadasa Har Hazofim,76,Hadasa Ein Carem,92
273,En Gev,680.0,32.783393,35.640119,Poriya,22,Rambam,91
1240,En HaBesor,1156.0,31.280895,34.443446,Soroka,48,Soroka,48
367,En HaEmeq,775.0,32.6778114,35.2417497,Scotish,7,Rambam,37
167,En HaHoresh,827.0,32.385871,34.939994,Hilel Yafe,12,Shiba,47
289,En HaMifraz,1238.0,32.902581,35.09304,Nahariya,14,Rambam,23
383,En HaNaziv,626.0,32.47071,35.501973,Haemek,34,Rambam,79
676,En HaShelosha,351.0,31.351722,34.403471,Barzilay,49,Soroka,52
270,En HaShofet,833.0,32.596810999999995,35.100445,Haemek,27,Rambam,35
89,En Harod (Ihud),556.0,32.563099,35.391666,Haemek,14,Rambam,59
82,En Harod(Me'uhad),733.0,32.556806,35.392995,Haemek,15,Rambam,59
74,En Hod,632.0,32.700292,34.982716,Carmel,17,Rambam,20
223,En Iron,561.0,32.484427000000004,35.010069,Hilel Yafe,19,Rambam,52
1056,En Karem-B.S.Haqla'i,170.0,31.778056,35.153611,Hadasa Ein Carem,4,Hadasa Ein Carem,4
426,En Karmel,915.0,32.677912,34.953676,Carmel,19,Rambam,22
880,En Sarid,1603.0,32.274901,34.93418,Meir,14,Belinson,27
139,En Shemer,553.0,32.461917,35.00673,Hilel Yafe,13,Rambam,52
1251,En Tamar,190.0,30.943594,35.37407,Soroka,84,Soroka,84
157,En Wered,1512.0,32.264467,34.930705,Meir,14,Belinson,27
813,En Ya'aqov,1106.0,33.009312,35.229024,Nahariya,13,Rambam,49
806,En Yahav,712.0,30.658757,35.239656,Soroka,119,Soroka,119
4503,En Ziwan,348.0,32.595833299999995,35.5377778,Poriya,24,Rambam,83
622,En Zurim,892.0,31.693755100000004,34.7176273,Barzilay,19,Shiba,59
871,Enat,812.0,32.081948,34.937514,Belinson,14,Belinson,14
3712,Enav,859.0,32.283594,35.125198,Meir,32,Belinson,50
714,Erez,517.0,31.55984,34.564889,Barzilay,17,Soroka,50
1276,Eshbal,125.0,32.876984,35.30601,Nahariya,35,Rambam,40
71,Eshbol,635.0,31.445516,34.666654,Soroka,34,Soroka,34
2021,Eshel HaNasi,355.0,31.326828000000006,34.697497,Soroka,18,Soroka,18
1188,Eshhar,918.0,32.885084,35.299622,Nahariya,35,Rambam,41
3722,Eshkolot,567.0,31.391171000000003,34.904856,Soroka,25,Soroka,25
740,Eshta'ol,1252.0,31.780385,35.010102,Hadasa Ein Carem,22,Hadasa Ein Carem,22
37,Etan,456.0,31.572213,34.747909,Barzilay,29,Soroka,39
886,Etanim,80.0,31.7789,35.095169,Hadasa Ein Carem,11,Hadasa Ein Carem,11
1081,Even Menahem,297.0,33.075143,35.295219,Nahariya,25,Rambam,62
783,Even Sappir,724.0,31.7625,35.134991,Hadasa Ein Carem,2,Hadasa Ein Carem,2
400,Even Shemu'el,1675.0,31.576429,34.762963,Barzilay,28,Soroka,39
182,Even Yehuda,13700.0,32.270042600000004,34.8809634,Meir,11,Belinson,24
376,Evron,821.0,32.991149,35.100031,Nahariya,5,Rambam,34
716,Eyal,522.0,32.210711,34.978259,Meir,12,Belinson,28
3778,Ez Efrayim,2292.0,32.119403000000005,35.046367,Asaf Harofe,23,Belinson,24
1149,Ezer,821.0,31.736151,34.671447,Asuta Ashdod,7,Shiba,44
328,Ezuz,77.0,30.792202000000003,34.472404,Soroka,88,Soroka,88
535,Fassuta,3149.0,33.04782,35.308827,Nahariya,28,Rambam,65
537,Fureidis,13085.0,32.597351,34.951899,Hilel Yafe,21,Rambam,33
842,Ga'ash,763.0,32.228477000000005,34.824411,Meir,15,Ichilov,19
463,Ga'ton,693.0,33.006075,35.213831,Nahariya,10,Rambam,46
145,Gadish,386.0,32.558844,35.24443,Haemek,14,Rambam,46
35,Gadot,441.0,33.018208,35.619547,Ziv,21,Rambam,97
369,Gal'ed (Even Yizhaq),490.0,32.558075,35.076559,Hilel Yafe,30,Rambam,42
393,Gal'on,549.0,31.633371,34.848898,Barzilay,34,Hadasa Ein Carem,51
1072,Gan HaDarom,614.0,31.804056,34.699870000000004,Asuta Ashdod,9,Shiba,36
225,Gan HaShomeron,840.0,32.465007,34.999047,Hilel Yafe,12,Rambam,53
239,Gan Hayyim,834.0,32.195761,34.906957,Meir,3,Belinson,16
1274,Gan Ner,2704.0,32.528706,35.336254,Haemek,15,Rambam,55
144,Gan Shelomo,572.0,31.878777000000003,34.798901,Kaplan,3,Shiba,27
72,Gan Shemu'el,929.0,32.452911,34.949311,Hilel Yafe,8,Rambam,52
311,Gan Soreq,688.0,31.944011,34.758322,Wolfson,13,Shiba,17
166,Gan Yavne,23752.0,31.783056,34.703101000000004,Asuta Ashdod,6,Shiba,41
734,Gan Yoshiyya,990.0,32.349487,34.996245,Hilel Yafe,21,Belinson,46
218,Ganne Am,242.0,32.149838,34.903358000000004,Meir,5,Belinson,11
1103,Ganne Hadar,321.0,31.8782413,34.857588,Kaplan,5,Shiba,31
3823,Ganne Modi'in,2488.0,31.93081,35.017805,Kaplan,28,Shiba,33
1371,Ganne Tal,802.0,31.793796,34.792327,Kaplan,12,Shiba,42
229,Ganne Tiqwa,19263.0,32.060497,34.873121000000005,Belinson,4,Belinson,4
862,Ganne Yohanan,629.0,31.859924,34.840827000000004,Kaplan,5,Shiba,32
836,Gannot,589.0,32.018204,34.825877,Shiba,6,Shiba,6
549,Gannot Hadar,960.0,32.321740000000005,34.900715000000005,Laniado,7,Belinson,31
128,Gat Rimmon,312.0,32.068105,34.881362,Belinson,5,Belinson,5
340,Gat(Qibbuz),827.0,31.627796000000004,34.794112,Barzilay,29,Soroka,47
457,Gazit,725.0,32.639307,35.446239,Haemek,21,Rambam,74
706,Ge'a,970.0,31.628467,34.602678000000004,Barzilay,9,Shiba,59
853,Ge'alya,990.0,31.885644,34.765351,Kaplan,7,Shiba,25
872,Ge'ule Teman,363.0,32.391837,34.900989,Hilel Yafe,8,Belinson,38
379,Ge'ulim,954.0,32.296487,34.943862,Laniado,13,Belinson,32
2550,Gedera,28092.0,31.8123014,34.777019200000005,Kaplan,8,Shiba,41
39,Gefen,405.0,31.740766,34.878563,Kaplan,24,Hadasa Ein Carem,45
346,Gelil Yam,520.0,32.158797,34.831876,Belinson,12,Belinson,12
1129,Gerofit,248.0,29.941617,35.064691,Yoseftal,47,Soroka,193
305,Gesher,421.0,32.621205,35.550376,Poriya,23,Rambam,86
574,Gesher HaZiw,1644.0,33.040532,35.110563,Nahariya,7,Rambam,40
4022,Geshur,283.0,32.819941,35.715708,Poriya,40,Rambam,109
86,Geva,628.0,32.56653,35.37216,Haemek,13,Rambam,57
3763,Geva Binyamin,5525.0,31.849999,35.273853,Hadasa Har Hazofim,12,Hadasa Ein Carem,24
683,Geva Karmel,1196.0,32.662163,34.954078,Carmel,20,Rambam,24
1344,Geva'ot Bar,1143.0,31.357209,34.755541,Soroka,19,Soroka,19
342,Gevar'am,470.0,33.058979,35.433235,Ziv,21,Rambam,74
133,Gevat,935.0,32.676559999999995,35.213151,Scotish,14,Rambam,36
424,Gevim,623.0,31.506273,34.598949,Barzilay,22,Soroka,44
352,Gevulot,344.0,31.211168,34.466199,Soroka,55,Soroka,55
370,Gezer,286.0,31.876349,34.92111,Asaf Harofe,16,Shiba,35
4501,Ghajar,2607.0,33.272607,35.623637,Ziv,57,Rambam,134
196,Gibbeton,363.0,31.888318,34.79906,Kaplan,6,Shiba,26
442,Gid'ona,458.0,32.549927000000004,35.359202,Haemek,13,Rambam,58
736,Gilat,1437.0,31.326321000000004,34.648934000000004,Soroka,23,Soroka,23
3606,Gilgal,178.0,32.0747282,34.7672321,Ichilov,3,Ichilov,3
1204,Gilon,1029.0,32.904338,35.232191,Nahariya,25,Rambam,40
745,Gimzo,1206.0,31.927217,34.941128000000006,Asaf Harofe,18,Shiba,29
863,Ginnaton,902.0,31.962801,34.913062,Asaf Harofe,13,Shiba,20
92,Ginnegar,707.0,32.663419,35.259861,Holy Family,10,Rambam,42
262,Ginnosar,593.0,32.848665999999994,35.523152,Poriya,20,Rambam,78
1206,Gitta,286.0,32.967233,35.249125,Nahariya,17,Rambam,51
3613,Gittit,476.0,32.100273,35.395443,Asaf Harofe,61,Belinson,62
1293,Giv'at Avni,1976.0,32.775382,35.43615399999999,Poriya,13,Rambam,58
147,Giv'at Brenner,2703.0,31.86661,34.802254,Kaplan,2,Shiba,29
1288,Giv'at Ela,1973.0,32.722007,35.244822,Scotish,17,Rambam,39
870,Giv'at HaShelosha,857.0,32.096340000000005,34.920628,Asaf Harofe,5,Belinson,12
2018,Giv'at Hayyim (Ihud),1137.0,32.396745,34.93297800000001,Hilel Yafe,11,Belinson,41
173,Giv'at Hayyim(Me'uhad),1006.0,32.392148,34.929447,Hilel Yafe,12,Belinson,41
207,Giv'at Hen,363.0,32.16758,34.875514,Meir,5,Belinson,16
802,Giv'at Koah,923.0,32.032090999999994,34.938796,Shiba,16,Shiba,16
360,Giv'at Nili,726.0,32.549043,35.041194,Hilel Yafe,23,Rambam,55
703,Giv'at Oz,474.0,32.555934,35.198004,Haemek,17,Rambam,39
1077,Giv'at Shappira,408.0,32.35763,34.875845,Laniado,5,Ichilov,35
566,Giv'at Shemesh,63.0,31.774189,34.95055,Kaplan,31,Hadasa Ein Carem,34
681,Giv'at Shemu'el,26023.0,32.077299,34.849206,Mayney Hayeshua,2,Belinson,3
787,Giv'at Ye'arim,1461.0,31.786089,35.09277,Hadasa Ein Carem,10,Hadasa Ein Carem,10
919,Giv'at Yesha'yahu,828.0,31.67168,34.943738,Hadasa Ein Carem,36,Hadasa Ein Carem,36
4021,Giv'at Yo'av,703.0,32.801217,35.680911,Poriya,39,Rambam,108
3730,Giv'at Ze'ev,17922.0,31.861189000000003,35.167252000000005,Hadasa Har Hazofim,16,Hadasa Ein Carem,23
6300,Giv'atayim,60212.0,32.072176,34.808871,Ichilov,3,Ichilov,3
793,Giv'ati,1022.0,31.733138,34.679478,Asuta Ashdod,8,Shiba,45
2014,Giv'olim,384.0,31.397604,34.593821000000005,Soroka,33,Soroka,33
3644,Giv'on HaHadasha,1086.0,31.848896000000003,35.159029,Hadasa Har Hazofim,15,Hadasa Ein Carem,25
1043,Gizo,204.0,31.805585,34.939653,Kaplan,16,Hadasa Ein Carem,36
852,Gonen,370.0,33.1240353,35.6461519,Ziv,35,Rambam,111
755,Goren,428.0,33.055566,35.233619,Nahariya,19,Rambam,55
1219,Gornot HaGalil,186.0,33.059286,35.24967,Nahariya,20,Rambam,56
675,HaBonim,349.0,32.636586,34.932704,Carmel,25,Rambam,28
356,HaGosherim,809.0,33.221484999999994,35.62302800000001,Ziv,47,Rambam,124
434,HaHoterim,809.0,32.752311,34.957545,Carmel,10,Rambam,12
377,HaMa'pil,855.0,32.378035,34.983146000000005,Hilel Yafe,17,Belinson,50
423,HaOgen,908.0,32.360437,34.923338,Hilel Yafe,13,Belinson,35
702,HaOn,181.0,32.726748,35.62266500000001,Poriya,15,Rambam,85
677,HaSolelim,927.0,32.751802000000005,35.238021999999994,Holy Family,10,Rambam,35
684,HaYogev,715.0,32.612753000000005,35.207483,Haemek,21,Rambam,38
307,HaZore'im,1035.0,32.644516,35.11918,Carmel,25,Rambam,26
250,HaZorea,876.0,32.644516,35.11918,Carmel,25,Rambam,26
4026,Had-Nes,823.0,32.927514,35.641408,Ziv,30,Rambam,97
191,Hadar Am,693.0,32.349653,34.898945,Laniado,9,Belinson,34
6500,Hadera,95683.0,32.4340458,34.9196518,Hilel Yafe,4,Belinson,43
618,Hadid,887.0,31.969429,34.932156,Asaf Harofe,21,Shiba,22
363,Hafez Hayyim,561.0,31.789319,34.799739,Kaplan,14,Shiba,44
3764,Haggay,635.0,31.49253,35.079537,Soroka,45,Soroka,45
717,Hagor,1156.0,32.138591,34.947614,Meir,9,Belinson,13
4000,Haifa,283640.0,32.7940463,34.989571000000005,Carmel,2,Rambam,8
1272,Haluz,516.0,32.95055,35.312278000000006,Nahariya,27,Rambam,55
343,Hamadya,364.0,32.519773,35.520568,Haemek,28,Rambam,73
993,Hamam,1473.0,32.828399,35.49172100000001,Poriya,19,Rambam,76
3609,Hamra,175.0,32.199688,35.43735,Haemek,71,Belinson,81
280,Hanita,761.0,33.087634,35.17343,Nahariya,14,Rambam,50
1257,Hannaton,963.0,32.783051,35.245063,Holy Family,15,Rambam,36
807,Hanni'el,933.0,32.33280300000001,34.947693,Laniado,12,Ichilov,40
3769,Har Adar,4056.0,31.824501,35.12966,Shaarey Zedek,16,Hadasa Ein Carem,17
1261,Har Amasa,181.0,31.342717,35.101599,Soroka,40,Soroka,40
3603,Har Gillo,1590.0,31.722058,35.171491,Shaarey Zedek,13,Hadasa Ein Carem,14
464,Har'el,269.0,31.808975,34.947959000000004,Kaplan,17,Hadasa Ein Carem,29
1203,Hararit,510.0,32.845696000000004,35.369257,Holy Family,38,Rambam,43
1209,Harashim,329.0,32.957737,35.32821699999999,Nahariya,29,Rambam,59
1249,Harduf,1106.0,32.763717,35.174663,Holy Family,23,Rambam,31
1247,Harish,7569.0,32.4618771,35.0455828,Hilel Yafe,20,Rambam,53
1024,Haruzim,866.0,32.227709999999995,34.864771999999995,Meir,7,Belinson,20
3770,Hashmona'im,2760.0,31.932631,35.023269,Kaplan,28,Shiba,33
4005,Haspin,2057.0,32.8456305,35.7929907,Poriya,47,Rambam,121
235,Havazzelet HaSharon,492.0,32.3604,34.861819,Laniado,5,Ichilov,35
700,Hazav,1467.0,31.780095000000006,34.770571999999994,Kaplan,13,Shiba,43
397,Hazerim,832.0,31.240603000000004,34.717427,Soroka,9,Soroka,9
13,Hazeva,605.0,30.767942,35.278498,Soroka,105,Soroka,105
1047,Hazon,324.0,32.90658,35.395291,Ziv,35,Rambam,60
2034,Hazor HaGelilit,9165.0,32.980382,35.543548,Ziv,15,Rambam,91
406,Hazor-Ashdod,624.0,31.772744,34.719366,Asuta Ashdod,10,Shiba,44
90,Hefzi-Bah,741.0,32.518729,35.426247,Haemek,21,Rambam,66
820,Helez,445.0,31.57794,34.658390999999995,Barzilay,23,Soroka,51
3646,Hemdat,278.0,32.252028,35.526843,Haemek,61,Belinson,95
801,Hemed,1257.0,32.017992,34.841265,Asaf Harofe,8,Shiba,9
422,Herev Le'Et,945.0,32.403526,34.917146,Hilel Yafe,10,Belinson,40
3717,Hermesh,228.0,32.423726,35.118993,Hilel Yafe,34,Rambam,67
162,Herut,1309.0,32.240973,34.914127,Meir,14,Belinson,27
6400,Herzliyya,95142.0,32.162413,34.844675,Meir,9,Belinson,11
1110,Hever,571.0,32.549097,35.264911,Haemek,19,Rambam,51
219,Hibbat Ziyyon,709.0,32.397995,34.911931,Hilel Yafe,9,Belinson,39
1208,Hilla,578.0,33.036175,35.244582,Nahariya,16,Rambam,52
3643,Hinnanit,1323.0,32.480891,35.173181,Hilel Yafe,33,Rambam,63
9700,Hod HaSharon,62325.0,32.149961,34.88387879999999,Meir,5,Belinson,11
1322,Hodayot,316.0,32.788611,35.435,Poriya,13,Rambam,58
726,Hodiyya,535.0,31.676356,34.639275,Barzilay,9,Shiba,53
115,Hofit,753.0,32.386082,34.874078000000004,Hilel Yafe,8,Ichilov,39
205,Hogla,857.0,32.389070000000004,34.924252,Hilel Yafe,14,Belinson,44
1239,Holit,164.0,31.230563,34.32734,Soroka,60,Soroka,60
6600,Holon,194273.0,32.015833,34.787384,Wolfson,4,Ichilov,10
355,Horeshim,330.0,32.137875,34.97102,Meir,11,Belinson,17
662,Hosen,1130.0,32.997699,35.29872299999999,Nahariya,19,Rambam,55
1186,Hosha'aya,2023.0,32.757927,35.295225,Holy Family,20,Rambam,46
253,Hulata,669.0,33.052851000000004,35.609244,Ziv,25,Rambam,102
160,Hulda,1096.0,31.83215,34.881523,Kaplan,9,Shiba,36
374,Huqoq,587.0,32.878631,35.496654,Poriya,27,Rambam,85
1303,Hura,21558.0,31.300399,34.935688,Soroka,17,Soroka,17
496,Hurfeish,6315.0,33.016688,35.347106,Ziv,24,Rambam,61
1332,Hussniyya,731.0,32.900573,35.322507,Nahariya,34,Rambam,49
529,I'billin,13128.0,32.821799,35.19012,Rambam,23,Rambam,23
338,Ibbim,277.0,31.533597,34.609697,Barzilay,24,Soroka,43
652,Ibtin,2773.0,32.759963,35.114601,Carmel,17,Rambam,18
1175,Iddan,394.0,30.806291,35.29994600000001,Soroka,101,Soroka,101
478,Iksal,14500.0,32.682085,35.320743,Scotish,8,Rambam,50
49,Ilaniyya,490.0,32.753908,35.408188,Poriya,17,Rambam,57
511,Ilut,8192.0,32.717249,35.261482,Scotish,4,Rambam,40
3660,Immanu'el,3693.0,32.160688,35.136036,Meir,31,Belinson,46
1336,Irus,622.0,31.928574600000005,34.7766539,Kaplan,13,Shiba,18
534,Isifya,12354.0,32.720737,35.059087,Carmel,12,Rambam,18
3762,Itamar,1238.0,32.173869,35.308029,Asaf Harofe,54,Belinson,54
627,Jaljulye,9984.0,32.1524568,34.9539749,Meir,8,Belinson,21
628,Jatt,11798.0,32.39693,35.035914,Hilel Yafe,21,Belinson,53
3000,Jerusalem,919438.0,31.768319,35.21371,Shaarey Zedek,3,Hadasa Ein Carem,9
487,Jish(Gush Halav),3090.0,33.021266,35.447949,Ziv,12,Rambam,70
541,Jisr Az-Zarqa,14692.0,32.536262,34.911569,Hilel Yafe,12,Rambam,41
1292,Judeide-Maker,20920.0,32.928656,35.150573,Nahariya,14,Rambam,33
485,Julis,6375.0,32.94498,35.184243,Nahariya,14,Rambam,36
978,Ka'abiyye-Tabbash-Hajajre,5408.0,32.750389,35.184,Holy Family,18,Rambam,37
576,Kabri,1051.0,33.020985,35.147007,Nahariya,4,Rambam,40
504,Kabul,13854.0,32.8699737,35.2054376,Nahariya,24,Rambam,28
1338,Kaddita,186.0,33.005954,35.46830900000001,Ziv,7,Rambam,71
371,Kadoorie,245.0,32.702839399999995,35.40666470000001,Haemek,17,Rambam,63
633,Kafar Bara,3594.0,32.130911,34.970108,Meir,11,Belinson,17
508,Kafar Kama,3332.0,32.721105,35.44283400000001,Poriya,16,Rambam,69
509,Kafar Kanna,22399.0,32.7481978,35.3438402,Holy Family,9,Rambam,51
510,Kafar Manda,19843.0,32.81236,35.25861300000001,Holy Family,18,Rambam,39
512,Kafar Misr,2714.0,32.647371,35.421551,Haemek,17,Rambam,70
654,Kafar Qara,18675.0,32.505518,35.054251,Hilel Yafe,20,Rambam,51
634,Kafar Qasem,23241.0,32.114093,34.972767,Asaf Harofe,13,Belinson,14
507,Kafar Yasif,10029.0,32.9520318,35.1599957,Nahariya,11,Rambam,35
1210,Kahal,424.0,32.890465,35.511571999999994,Ziv,19,Rambam,82
1229,Kallanit,226.0,32.875328,35.453972,Ziv,29,Rambam,69
1331,Kamane,1495.0,32.909310999999995,35.336928,Ziv,34,Rambam,52
1201,Kammon,1384.0,32.909119,35.360916,Ziv,36,Rambam,54
4028,Kanaf,461.0,32.870412,35.697897,Ziv,42,Rambam,109
2006,Kannot,439.0,31.802752,34.750993,Asuta Ashdod,12,Shiba,43
505,Kaokab Abu Al-Hija,3526.0,32.831888,35.24870100000001,Holy Family,25,Rambam,30
1285,Karkom,528.0,32.928271,35.606331,Ziv,23,Rambam,90
1374,Karme Katif,361.0,31.537825,34.911993,Barzilay,41,Soroka,43
1264,Karme Yosef,1730.0,31.848024,34.921347,Kaplan,18,Shiba,38
3766,Karme Zur,1021.0,31.609468,35.101273,Hadasa Ein Carem,41,Hadasa Ein Carem,41
3656,Karmel,436.0,32.7427316,35.0483915,Carmel,11,Rambam,17
1139,Karmi'el,46124.0,32.91467100000001,35.292417,Nahariya,31,Rambam,46
768,Karmiyya,646.0,31.602695,34.540413,Barzilay,11,Soroka,58
3638,Kefar Adummim,4513.0,31.827216,35.337189,Augosta Victoria,14,Hadasa Ein Carem,28
690,Kefar Ahim,868.0,31.745864,34.755932,Kaplan,18,Shiba,48
857,Kefar Aviv,804.0,31.831039,34.722577,Asuta Ashdod,13,Shiba,37
875,Kefar Avoda,238.0,32.255731,34.939669,Meir,15,Belinson,28
845,Kefar Azza,704.0,31.483416,34.532291,Barzilay,29,Soroka,44
132,Kefar Barukh,579.0,32.646048,35.193078,Holy Family,17,Rambam,44
220,Kefar Bialik,844.0,32.821376,35.087749,Rambam,15,Rambam,15
177,Kefar Bilu,1261.0,31.870475,34.826734,Kaplan,1,Shiba,31
2010,Kefar Bin Nun,736.0,31.861679,34.947191,Asaf Harofe,19,Hadasa Ein Carem,32
357,Kefar Blum,771.0,33.172527,35.607938,Ziv,39,Rambam,116
707,Kefar Daniyyel,715.0,31.933521,34.932306,Asaf Harofe,19,Shiba,29
3488,Kefar Ezyon,1152.0,31.649486,35.115234,Hadasa Ein Carem,36,Hadasa Ein Carem,36
427,Kefar Gallim,379.0,32.76615,34.959511,Carmel,8,Rambam,10
106,Kefar Gid'on,348.0,32.644579,35.289278,Haemek,6,Rambam,50
76,Kefar Gil'adi,676.0,33.242078,35.57414199999999,Ziv,44,Rambam,120
310,Kefar Glikson,323.0,32.505824,35.00354,Hilel Yafe,19,Rambam,51
192,Kefar HaHoresh,696.0,32.701549,35.272956,Scotish,10,Rambam,40
254,Kefar HaMakkabbi,372.0,32.791804,35.114793,Carmel,19,Rambam,21
582,Kefar HaNagid,1233.0,31.887134000000003,34.748725,Kaplan,10,Shiba,23
443,Kefar HaNasi,864.0,32.97466,35.602308,Ziv,16,Rambam,93
890,Kefar HaNo'ar Hadati,223.0,32.742897,35.09615,Carmel,16,Rambam,17
3796,Kefar HaOranim,2664.0,31.919928,35.036911,Kaplan,27,Shiba,32
217,Kefar HaRo'e,1439.0,32.391037,34.910917,Hilel Yafe,9,Belinson,37
696,Kefar Habad,6421.0,31.990144,34.849103,Asaf Harofe,3,Shiba,13
1297,Kefar Hananya,733.0,32.915993,35.42378499999999,Ziv,28,Rambam,57
888,Kefar Harif,836.0,31.747029,34.790928,Kaplan,18,Shiba,50
4004,Kefar Haruv,421.0,32.762357,35.66418,Poriya,30,Rambam,99
112,Kefar Hasidim Alef,834.0,32.752262,35.094212,Carmel,15,Rambam,16
889,Kefar Hasidim Bet,335.0,32.750515,35.088281,Carmel,15,Rambam,16
193,Kefar Hayyim,619.0,32.353857,34.900709,Laniado,11,Belinson,34
187,Kefar Hess,1577.0,32.24772100000001,34.935137,Meir,10,Belinson,29
255,Kefar Hittim,619.0,32.799997999999995,35.50328,Poriya,12,Rambam,69
609,Kefar Hoshen,787.0,33.013123,35.440171,Ziv,12,Rambam,69
388,Kefar Kisch,592.0,32.666087,35.44895,Haemek,17,Rambam,70
98,Kefar Malal,328.0,32.167567,34.894744,Meir,2,Belinson,14
297,Kefar Masaryk,831.0,32.891218,35.098414,Nahariya,15,Rambam,22
1095,Kefar Maymon,340.0,31.431401,34.53718,Barzilay,35,Soroka,42
274,Kefar Menahem,1365.0,31.732077,34.835079,Kaplan,22,Shiba,54
387,Kefar Monash,958.0,32.345607,34.916426,Laniado,10,Belinson,33
764,Kefar Mordekhay,644.0,31.831504,34.756643,Kaplan,10,Shiba,38
316,Kefar Netter,1222.0,32.271928,34.871979,Laniado,11,Belinson,25
189,Kefar Pines,1020.0,32.482717,35.002063,Hilel Yafe,13,Rambam,53
579,Kefar Rosh HaNiqra,1365.0,33.08609000000001,35.113455,Nahariya,14,Rambam,44
1130,Kefar Rozenwald(Zarit),262.0,33.098985,35.288522,Nahariya,28,Rambam,64
295,Kefar Ruppin,493.0,32.457549,35.555673,Haemek,36,Rambam,81
1166,Kefar Rut,252.0,31.910378,35.035309000000005,Kaplan,27,Shiba,32
6900,Kefar Sava,100763.0,32.178195,34.90761,Meir,2,Belinson,15
605,Kefar Shammay,531.0,32.955698,35.457916,Ziv,14,Rambam,62
267,Kefar Shemaryahu,1891.0,32.187123,34.823124,Meir,10,Ichilov,14
743,Kefar Shemu'el,933.0,31.888259,34.934819,Asaf Harofe,15,Shiba,34
107,Kefar Silver,275.0,31.675669,34.612311,Barzilay,7,Shiba,52
249,Kefar Sirkin,1495.0,32.076684,34.922763,Belinson,10,Belinson,10
345,Kefar Szold,632.0,33.196034999999995,35.657993,Ziv,48,Rambam,124
3572,Kefar Tappuah,1238.0,32.117973,35.249829,Asaf Harofe,43,Belinson,44
47,Kefar Tavor,4262.0,32.687346000000005,35.41997199999999,Haemek,14,Rambam,65
673,Kefar Truman,901.0,31.980493,34.927696000000005,Asaf Harofe,18,Belinson,18
364,Kefar Uriyya,924.0,31.793399,34.944757,Kaplan,19,Hadasa Ein Carem,29
190,Kefar Vitkin,2013.0,32.380541,34.875308000000004,Laniado,8,Ichilov,38
320,Kefar Warburg,1142.0,31.718747,34.72868,Asuta Ashdod,15,Shiba,51
1263,Kefar Weradim,5578.0,32.995088,35.269101,Nahariya,16,Rambam,53
170,Kefar Ya'bez,644.0,32.273948,34.965197,Meir,17,Belinson,30
233,Kefar Yedidya,743.0,32.344902000000005,34.899038,Laniado,8,Belinson,34
85,Kefar Yehezqel,1176.0,32.566949,35.360888,Haemek,13,Rambam,57
140,Kefar Yehoshua,1221.0,32.681639000000004,35.151976,Scotish,19,Rambam,28
168,Kefar Yona,23060.0,32.317719,34.933615,Laniado,10,Ichilov,38
786,Kefar Zetim,778.0,32.811614,35.465165,Poriya,15,Rambam,72
1325,Kefar Zoharim,155.0,31.622631,34.925669,Barzilay,40,Hadasa Ein Carem,45
1183,Kelil,705.0,32.983567,35.199672,Nahariya,11,Rambam,45
1291,Kemehin,182.0,30.910327,34.430725,Soroka,75,Soroka,75
1198,Keramim,485.0,31.333464000000006,34.917879,Soroka,16,Soroka,16
88,Kerem Ben Shemen,87.0,31.958896000000006,34.934104,Asaf Harofe,14,Shiba,21
664,Kerem Ben Zimra,492.0,33.039224,35.469889,Ziv,11,Rambam,76
580,Kerem Maharal,758.0,32.644325,34.99145,Carmel,26,Rambam,30
1085,Kerem Shalom,157.0,31.228281,34.284559,Soroka,66,Soroka,66
1094,Kerem Yavne(Yeshiva),496.0,31.8169574,34.7236186,Asuta Ashdod,12,Shiba,36
859,Kesalon,428.0,31.774262,35.048171,Hadasa Ein Carem,16,Hadasa Ein Carem,16
1321,Khawaled,696.0,32.758894,35.158374,Carmel,23,Rambam,24
63,Kinneret(Moshava),688.0,32.723787,35.565242,Poriya,8,Rambam,77
57,Kinneret(Qevuza),687.0,32.8244321,35.5879975,Shiba,0,Shiba,0
1153,Kishor,184.0,32.946651,35.250213,Nahariya,20,Rambam,53
1296,Kisra-Sumei,8649.0,32.97232,35.29852800000001,Nahariya,25,Rambam,60
840,Kissufim,238.0,31.374545,34.398992,Barzilay,48,Soroka,53
1367,Kochlea,394.0,31.288358,35.048528999999995,Soroka,31,Soroka,31
3564,Kokhav HaShahar,2122.0,31.960264,35.349421,Hadasa Har Hazofim,32,Hadasa Ein Carem,57
824,Kokhav Mikha'el,1053.0,31.631482,34.667794,Barzilay,13,Soroka,57
3779,Kokhav Ya'aqov,8194.0,31.880152,35.242773,Hadasa Har Hazofim,17,Hadasa Ein Carem,28
1224,Kokhav Ya'ir,8773.0,32.220921999999995,34.992405,Meir,14,Belinson,30
1252,Korazim,342.0,32.911389,35.563889,Ziv,18,Rambam,85
1059,Kuseife,21079.0,31.249246000000007,35.083681,Soroka,32,Soroka,32
2023,Lahav,529.0,31.379363,34.871311,Soroka,22,Soroka,22
380,Lahavot HaBashan,879.0,33.1412178,35.6478714,Ziv,36,Rambam,112
715,Lahavot Haviva,992.0,32.395216,35.011790000000005,Hilel Yafe,20,Belinson,55
24,Lakhish,743.0,31.560907,34.84409,Barzilay,33,Soroka,47
1310,Lappid,2459.0,31.917522,35.032191,Kaplan,26,Shiba,31
1173,Lappidot,116.0,32.959801,35.260956,Nahariya,28,Rambam,54
1060,Laqye,13394.0,31.324884,34.866219,Soroka,17,Soroka,17
585,Lavi,620.0,32.787648,35.440717,Poriya,13,Rambam,58
1207,Lavon,710.0,32.94118,35.286475,Nahariya,32,Rambam,52
1271,Lehavim,6350.0,31.373835,34.816952,Soroka,17,Soroka,17
674,Liman,691.0,33.058732,35.111815,Nahariya,9,Rambam,42
1230,Livnim,430.0,32.86379,35.497479,Poriya,28,Rambam,86
7000,Lod,75726.0,31.951014,34.888075,Asaf Harofe,8,Shiba,20
595,Lohame HaGeta'ot,685.0,32.962661,35.096740999999994,Nahariya,7,Rambam,29
1255,Lotan,200.0,29.988263,35.086776,Yoseftal,54,Soroka,187
1171,Lotem,765.0,32.880858,35.35996,Ziv,34,Rambam,46
52,Luzit,763.0,31.688209000000004,34.888222,Barzilay,42,Hadasa Ein Carem,44
678,Ma'agan,374.0,32.706344,35.600575,Poriya,12,Rambam,81
694,Ma'agan Mikha'el,1992.0,32.55871,34.917815999999995,Hilel Yafe,15,Rambam,39
3616,Ma'ale Adummim,38193.0,31.777369,35.297955,Hadasa Har Hazofim,11,Hadasa Ein Carem,27
3653,Ma'ale Amos,535.0,31.596887,35.229365,Augosta Victoria,31,Hadasa Ein Carem,45
3608,Ma'ale Efrayim,1241.0,32.071304,35.4039,Asaf Harofe,64,Belinson,65
4008,Ma'ale Gamla,515.0,32.888256,35.685966,Ziv,36,Rambam,104
1127,Ma'ale Gilboa,806.0,32.47606500000001,35.420637,Haemek,27,Rambam,68
286,Ma'ale HaHamisha,769.0,31.817429,35.109406,Shaarey Zedek,14,Hadasa Ein Carem,15
1327,Ma'ale Iron,14833.0,32.55412800000001,35.182499,Haemek,19,Rambam,42
3752,Ma'ale Levona,866.0,32.054435999999995,35.239503000000006,Hadasa Har Hazofim,40,Hadasa Ein Carem,51
3651,Ma'ale Mikhmas,1463.0,31.879131,35.305902,Hadasa Har Hazofim,27,Hadasa Ein Carem,43
3637,Ma'ale Shomeron,1012.0,32.165406,35.069744,Meir,22,Belinson,37
1063,Ma'alot-Tarshiha,21422.0,33.015026,35.276017,Nahariya,15,Rambam,52
344,Ma'anit,766.0,32.457992,35.026573,Hilel Yafe,16,Rambam,51
230,Ma'as,868.0,32.063511,34.892639,Belinson,6,Belinson,6
197,Ma'barot,979.0,32.364197,34.905733000000005,Laniado,12,Belinson,34
1082,Ma'galim,2059.0,31.398859,34.598239,Soroka,33,Soroka,33
3657,Ma'on,575.0,31.414592,35.163893,Soroka,44,Soroka,44
2055,Ma'or,1366.0,32.425832,35.005289000000005,Hilel Yafe,18,Belinson,53
272,Ma'oz Hayyim,479.0,32.49407,35.550767,Haemek,32,Rambam,77
416,Ma'yan Barukh,745.0,33.239349,35.60935900000001,Ziv,46,Rambam,123
290,Ma'yan Zevi,727.0,32.568484000000005,34.940622999999995,Hilel Yafe,17,Rambam,37
1080,Mabbu'im,1217.0,31.44945,34.654994,Soroka,36,Soroka,36
695,Magen,537.0,31.298108000000006,34.427059,Soroka,47,Soroka,47
1155,Magen Sha'ul,667.0,32.521471000000005,35.306431,Haemek,15,Rambam,56
375,Maggal,1154.0,32.385556,35.036147,Hilel Yafe,22,Belinson,57
722,Magshimim,1067.0,32.044363,34.89983400000001,Belinson,10,Belinson,10
308,Mahanayim,774.0,32.988845,35.570375,Ziv,15,Rambam,92
1196,Mahane Yattir,248.0,31.347793,35.060671,Soroka,34,Soroka,34
776,Mahseya,453.0,31.748858,35.007259999999995,Hadasa Ein Carem,26,Hadasa Ein Carem,26
516,Majd al-Kurum,15292.0,32.920132,35.25665,Nahariya,26,Rambam,42
4201,Majdal Shams,11044.0,33.2690961,35.772122,Ziv,63,Rambam,140
1343,Makchul,736.0,31.288515000000004,35.075736,Soroka,33,Soroka,33
1154,Malkishua,214.0,32.438568,35.412757,Haemek,35,Rambam,76
596,Malkiyya,453.0,33.098589000000004,35.509624,Ziv,28,Rambam,86
1174,Manof,862.0,32.853258000000004,35.237355,Holy Family,28,Rambam,33
1205,Manot,441.0,33.038709000000004,35.195156,Nahariya,10,Rambam,47
994,Manshiyyet Zabda,1325.0,32.706219,35.19241500000001,Scotish,13,Rambam,32
843,Margaliyyot,400.0,33.216474,35.544354,Ziv,41,Rambam,125
4203,Mas'ade,3650.0,33.2321159,35.75559910000001,Ziv,58,Rambam,135
421,Mash'abbe Sade,461.0,31.004042,34.785028999999994,Soroka,36,Soroka,36
791,Mash'en,1052.0,31.656885,34.621607,Barzilay,8,Shiba,55
3785,Maskiyyot,286.0,32.317865000000005,35.502754,Haemek,51,Rambam,96
748,Maslul,860.0,31.323677000000004,34.590761,Soroka,30,Soroka,30
1258,Massad,376.0,32.844008,35.423563,Poriya,26,Rambam,65
263,Massada,370.0,31.3114167,35.3626955,Soroka,91,Soroka,91
3605,Massu'a,170.0,31.3114167,35.3626955,Soroka,91,Soroka,91
620,Massu'ot Yizhaq,688.0,31.70261,34.689968,Barzilay,16,Shiba,56
822,Matta,899.0,31.716522,35.060571,Hadasa Ein Carem,21,Hadasa Ein Carem,21
1315,Mattan,3600.0,32.159377,34.97319,Meir,12,Belinson,18
1184,Mattat,191.0,33.041684000000004,35.356695,Ziv,23,Rambam,71
3648,Mattityahu,847.0,31.929746999999995,35.034997,Kaplan,30,Shiba,35
573,Mavqi'im,484.0,31.622518,34.577431,Barzilay,8,Soroka,58
28,Mazkeret Batya,14680.0,31.853167,34.842421,Kaplan,5,Shiba,32
757,Mazliah,1350.0,31.906364,34.871278000000004,Kaplan,10,Shiba,26
606,Mazor,1334.0,32.050698,34.931373,Belinson,13,Belinson,13
517,Mazra'a,3857.0,32.983652,35.098934,Nahariya,4,Rambam,32
325,Mazzuva,1171.0,33.062312,35.155705,Nahariya,8,Rambam,45
1128,Me Ammi,361.0,32.504963000000004,35.146425,Haemek,30,Rambam,52
102,Me'ir Shefeya,286.0,32.5912213,34.9710703,Hilel Yafe,24,Rambam,36
570,Me'ona,963.0,33.016894,35.263626,Nahariya,15,Rambam,51
668,Mefallesim,1006.0,31.502206,34.561674,Barzilay,23,Soroka,46
689,Megadim,1329.0,32.727734000000005,34.960923,Carmel,13,Rambam,15
586,Megiddo,855.0,32.577899,35.179972,Haemek,18,Rambam,37
3599,Mehola,575.0,32.365285,35.51602000000001,Haemek,44,Rambam,89
649,Meiser,1970.0,32.445246000000004,35.042131,Hilel Yafe,18,Rambam,56
3614,Mekhora,161.0,32.164159000000005,35.423623,Asaf Harofe,72,Belinson,73
164,Mele'a,379.0,32.563149,35.23752800000001,Haemek,14,Rambam,46
2044,Melilot,340.0,31.389897,34.595243,Soroka,34,Soroka,34
48,Menahemya,1032.0,32.664333,35.555338,Poriya,18,Rambam,87
347,Menara,246.0,33.195375,35.543728,Ziv,39,Rambam,123
2030,Menuha,593.0,31.656159,34.777273,Barzilay,25,Soroka,52
1282,Merav,706.0,32.452040999999994,35.422479,Haemek,31,Rambam,72
1340,Merhav Am,466.0,30.888022,34.828175,Soroka,54,Soroka,54
97,Merhavya(Moshav),660.0,32.6047,35.3081,Haemek,5,Rambam,52
66,Merhavya(Qibbuz),1232.0,32.60585,35.30725,Haemek,5,Rambam,52
1098,Merkaz Shappira,2210.0,31.696927,34.707319,Barzilay,17,Shiba,57
4101,Merom Golan,724.0,33.132583000000004,35.777071,Ziv,48,Rambam,125
607,Meron,963.0,32.985226000000004,35.441643,Ziv,10,Rambam,66
731,Meshar,831.0,31.815936,34.752588,Kaplan,10,Shiba,39
520,Meshhed,8219.0,32.738912,35.322494,Holy Family,7,Rambam,49
742,Mesillat Ziyyon,1248.0,31.801449,35.009463000000004,Shaarey Zedek,24,Hadasa Ein Carem,25
298,Mesillot,430.0,32.497362,35.474651,Haemek,27,Rambam,72
1268,Metar,8438.0,31.327011,34.943213,Soroka,17,Soroka,17
2054,Metav,466.0,32.545509,35.300898,Haemek,12,Rambam,51
43,Metula,1599.0,33.277232,35.578235,Ziv,48,Rambam,125
1015,Mevasseret Ziyyon,23962.0,31.804052,35.157891,Shaarey Zedek,10,Hadasa Ein Carem,10
771,Mevo Betar,952.0,31.722592,35.106656,Hadasa Ein Carem,19,Hadasa Ein Carem,19
3569,Mevo Dotan,403.0,32.420772,35.173869,Hilel Yafe,37,Rambam,71
4204,Mevo Hamma,434.0,32.736701000000004,35.655207,Poriya,27,Rambam,96
3709,Mevo Horon,2650.0,31.849598,35.034977000000005,Asaf Harofe,28,Shiba,42
1141,Mevo Modi'im,254.0,31.933851,34.987999,Kaplan,28,Shiba,31
1318,Mevo'ot Yam,433.0,32.401697,34.866797,Laniado,10,Ichilov,40
3745,Mezadot Yehuda,512.0,31.365586,35.11134000000001,Soroka,41,Soroka,41
4019,Mezar,287.0,32.768640999999995,35.736356,Poriya,37,Rambam,106
648,Mezer,378.0,32.440186,35.047702,Hilel Yafe,19,Rambam,56
518,Mi'elya,3255.0,33.027194,35.256304,Nahariya,13,Rambam,50
2029,Midrakh Oz,775.0,32.594648,35.157976,Haemek,21,Rambam,34
1140,Midreshet Ben Gurion,1961.0,30.852297,34.7834,Soroka,57,Soroka,57
897,Midreshet Ruppin,306.0,30.852297,34.7834,Soroka,57,Soroka,57
65,Migdal,1941.0,32.839494,35.499849,Poriya,19,Rambam,74
874,Migdal HaEmeq,25636.0,32.6778114,35.2417497,Scotish,7,Rambam,37
3561,Migdal Oz,574.0,31.640932,35.143139,Hadasa Ein Carem,34,Hadasa Ein Carem,34
3751,Migdalim,368.0,32.089866,35.342633,Hadasa Har Hazofim,48,Belinson,55
1202,Mikhmannim,533.0,32.90586500000001,35.32899099999999,Ziv,34,Rambam,52
382,Mikhmoret,1370.0,32.406504,34.871551000000004,Laniado,10,Ichilov,41
22,Miqwe Yisra'el,386.0,32.033209,34.781489,Wolfson,3,Ichilov,9
378,Misgav Am,337.0,33.247572,35.548499,Ziv,44,Rambam,128
765,Misgav Dov,706.0,31.819054,34.739162,Kaplan,11,Shiba,37
670,Mishmar Ayyalon,550.0,31.872478000000005,34.94325300000001,Asaf Harofe,17,Hadasa Ein Carem,33
563,Mishmar Dawid,871.0,31.823558,34.900676000000004,Kaplan,12,Hadasa Ein Carem,37
130,Mishmar HaEmeq,1255.0,32.610063000000004,35.142672999999995,Haemek,22,Rambam,30
395,Mishmar HaNegev,933.0,31.364796,34.717968,Soroka,23,Soroka,23
194,Mishmar HaSharon,606.0,32.356305,34.904256,Laniado,11,Belinson,34
729,Mishmar HaShiv'a,1006.0,32.010891,34.822337,Asaf Harofe,6,Shiba,10
732,Mishmar HaYarden,804.0,33.003484,35.59827100000001,Ziv,17,Rambam,94
213,Mishmarot,979.0,32.486513,34.983892,Hilel Yafe,11,Rambam,51
425,Mishmeret,1082.0,32.227585999999995,34.922055,Meir,11,Belinson,24
1370,Mitspe Ilan,455.0,32.461378,35.068861,Hilel Yafe,22,Rambam,56
829,Mivtahim,427.0,31.242423,34.407488,Soroka,53,Soroka,53
58,Mizpa,141.0,32.791043,35.509443,Poriya,8,Rambam,65
1222,Mizpe Aviv,1024.0,32.837951000000004,35.201059,Holy Family,26,Rambam,27
1190,Mizpe Netofa,1002.0,32.801748,35.383501,Poriya,20,Rambam,59
99,Mizpe Ramon,5221.0,30.610203,34.801898,Soroka,88,Soroka,88
3610,Mizpe Shalem,211.0,31.568875,35.400367,Hadasa Har Hazofim,62,Hadasa Ein Carem,78
3576,Mizpe Yeriho,2453.0,31.815688,35.395409,Hadasa Har Hazofim,19,Hadasa Ein Carem,35
104,Mizra,772.0,32.649879,35.286404,Haemek,8,Rambam,47
3797,Modi'in Illit,73080.0,31.932477,35.042265,Kaplan,30,Shiba,35
1200,Modi'in-Makkabbim-Re'ut,92406.0,31.890267,35.010397,Asaf Harofe,20,Shiba,34
269,Moledet,1067.0,32.586196,35.438941,Haemek,22,Rambam,66
1163,Moran,458.0,32.921637,35.39481,Ziv,24,Rambam,55
1178,Moreshet,1455.0,32.826132,35.231997,Holy Family,23,Rambam,28
208,Moza Illit,1169.0,31.793591,35.157,Shaarey Zedek,8,Hadasa Ein Carem,10
481,Mughar,22609.0,32.890704,35.40461,Poriya,31,Rambam,70
635,Muqeible,4030.0,32.514142,35.294806,Haemek,17,Rambam,58
3787,Na'ale,1942.0,31.962594,35.065976,Belinson,36,Belinson,36
3713,Na'ama,151.0,31.783763800000006,35.2226459,Hadasa Har Hazofim,3,Hadasa Ein Carem,12
158,Na'an,1671.0,31.883208000000003,34.859237,Kaplan,6,Shiba,28
3620,Na'aran,92.0,31.893473,35.42475,Shiba,0,Shiba,0
524,Na'ura,2277.0,32.61468,35.391133,Haemek,14,Rambam,65
844,Nahal Oz,404.0,31.47268,34.497675,Barzilay,32,Soroka,46
2045,Nahala,718.0,31.66,34.792817,Barzilay,25,Soroka,52
80,Nahalal,895.0,32.690807,35.19609000000001,Scotish,13,Rambam,35
3767,Nahali'el,713.0,32.0687311,34.7672451,Ichilov,3,Ichilov,3
809,Naham,552.0,31.7664783,35.0035723,Kaplan,28,Hadasa Ein Carem,31
9100,Nahariyya,56881.0,33.0085361,35.0980514,Nahariya,2,Rambam,35
522,Nahef,12846.0,32.934675,35.31652000000001,Ziv,30,Rambam,47
433,Nahsholim,668.0,32.61309,34.92225,Hilel Yafe,25,Rambam,33
777,Nahshon,580.0,31.831616,34.955986,Kaplan,18,Hadasa Ein Carem,30
705,Nahshonim,399.0,32.063236,34.947011,Belinson,11,Belinson,11
1254,Nataf,449.0,31.831276000000006,35.06958,Shaarey Zedek,17,Hadasa Ein Carem,18
4014,Natur,686.0,32.854068,35.752574,Poriya,53,Rambam,122
1366,Nave,1233.0,31.162183,34.329827,Soroka,68,Soroka,68
7300,Nazareth,77064.0,32.699635,35.30354600000001,Holy Family,1,Rambam,45
1061,Nazerat Illit,41169.0,32.711539,35.324812,Holy Family,2,Rambam,47
4551,Ne'ot Golan,618.0,32.787026000000004,35.693172,Poriya,40,Rambam,109
1124,Ne'ot HaKikkar,433.0,30.933368,35.378126,Soroka,86,Soroka,86
408,Ne'ot Mordekhay,586.0,33.159785,35.595602,Ziv,39,Rambam,116
1197,Ne'ot Smadar,222.0,30.049079,35.028106,Yoseftal,63,Soroka,176
186,Ne'urim,413.0,31.254518,35.21697800000001,Soroka,45,Soroka,45
315,Negba,952.0,31.662547,34.679561,Barzilay,14,Soroka,55
3724,Negohot,356.0,31.493077000000003,34.983346999999995,Soroka,41,Soroka,41
449,Nehalim,1798.0,32.058597,34.9136,Belinson,9,Belinson,9
309,Nehora,1175.0,31.621321,34.704496,Barzilay,18,Soroka,55
59,Nehusha,1371.0,31.628848,34.952732,Hadasa Ein Carem,42,Hadasa Ein Carem,42
523,Nein,1845.0,32.630986,35.349399,Haemek,6,Rambam,56
1143,Nes Ammim,414.0,32.965465,35.121588,Nahariya,9,Rambam,36
825,Nes Harim,1380.0,31.744192,35.059406,Hadasa Ein Carem,17,Hadasa Ein Carem,17
7200,Nes Ziyyona,50214.0,31.932111,34.801327,Asaf Harofe,9,Shiba,19
2500,Nesher,23983.0,32.7649,35.049191,Carmel,10,Rambam,10
1369,Neta,536.0,31.477893,34.927774,Soroka,34,Soroka,34
174,Neta'im,618.0,31.945689,34.775145,Wolfson,12,Shiba,16
7400,Netanya,217244.0,32.321458,34.853196000000004,Laniado,4,Ichilov,31
1242,Netiv HaAsara,852.0,31.572407,34.539322,Barzilay,15,Soroka,57
3555,Netiv HaGedud,199.0,31.989412,35.443281,Hadasa Har Hazofim,57,Hadasa Ein Carem,73
693,Netiv HaLamed-He,631.0,31.687184,34.982523,Hadasa Ein Carem,30,Hadasa Ein Carem,30
792,Netiv HaShayyara,503.0,32.991184999999994,35.130745000000005,Nahariya,10,Rambam,43
246,Netivot,35631.0,31.423196,34.595254,Barzilay,31,Soroka,34
1147,Netu'a,297.0,33.065387,35.323406,Ziv,29,Rambam,65
396,Nevatim,980.0,31.219761,34.882488,Soroka,13,Soroka,13
3573,Neve Tsuf,1478.0,32.008313,35.128876,Belinson,37,Belinson,37
4303,Newe Ativ,115.0,33.26202,35.740574,Ziv,64,Rambam,140
926,Newe Avot,335.0,31.7879065,35.2073008,Shaarey Zedek,3,Hadasa Ein Carem,10
3725,Newe Daniyyel,2315.0,31.675969,35.142751000000004,Hadasa Ein Carem,31,Hadasa Ein Carem,31
296,Newe Etan,312.0,32.492304,35.533119,Haemek,30,Rambam,74
1279,Newe Harif,118.0,30.039793,35.03649,Yoseftal,63,Soroka,177
405,Newe Ilan,959.0,31.807585,35.080921999999994,Shaarey Zedek,16,Hadasa Ein Carem,17
1071,Newe Mikha'el,832.0,31.673049,35.00671,Hadasa Ein Carem,29,Hadasa Ein Carem,29
827,Newe Mivtah,678.0,31.806767,34.741231,Asuta Ashdod,12,Shiba,46
1259,Newe Shalom,295.0,31.817427,34.978334999999994,Kaplan,20,Hadasa Ein Carem,31
590,Newe Ur,342.0,32.589025,35.554544,Poriya,26,Rambam,82
312,Newe Yam,239.0,32.679769,34.93188,Carmel,20,Rambam,21
686,Newe Yamin,1189.0,32.171692,34.939378000000005,Meir,6,Shiba,24
858,Newe Yaraq,1321.0,32.132729,34.925488,Meir,9,Belinson,11
1314,Newe Ziv,962.0,33.027399,35.18433,Nahariya,9,Rambam,45
1057,Newe Zohar,57.0,31.152068,35.36477100000001,Soroka,69,Soroka,69
1372,Nezer Hazzani,460.0,31.8214,34.862554,Kaplan,17,Hadasa Ein Carem,40
435,Nezer Sereni,823.0,31.922789,34.821191,Asaf Harofe,8,Shiba,23
3655,Nili,1714.0,32.549043,35.041194,Hilel Yafe,23,Rambam,55
348,Nir Am,573.0,31.518459000000004,34.580544,Barzilay,20,Soroka,45
2048,Nir Aqiva,669.0,31.469933,34.646166,Soroka,38,Soroka,38
553,Nir Banim,731.0,31.671177,34.755012,Barzilay,23,Soroka,53
256,Nir Dawid (Tel Amal),708.0,32.504062,35.457622,Haemek,24,Rambam,69
808,Nir Eliyyahu,548.0,32.197593,34.949375,Meir,7,Belinson,29
769,Nir Ezyon,939.0,32.699125,34.992526,Carmel,17,Rambam,21
720,Nir Gallim,1373.0,31.82552,34.68254,Asuta Ashdod,11,Shiba,35
11,Nir Hen,552.0,31.608906,34.714282,Barzilay,20,Soroka,57
2047,Nir Moshe,584.0,31.477456,34.630085,Barzilay,31,Soroka,40
69,Nir Oz,392.0,31.309697,34.402075,Soroka,50,Soroka,50
165,Nir Yafe,697.0,32.568982,35.24489600000001,Haemek,12,Rambam,45
699,Nir Yisra'el,891.0,31.692156,34.638071000000004,Barzilay,10,Shiba,54
402,Nir Yizhaq,656.0,31.236040000000006,34.356702,Soroka,57,Soroka,57
331,Nir Zevi,1316.0,31.954403000000006,34.861529,Asaf Harofe,3,Shiba,16
602,Nirim,363.0,31.33573,34.394087,Soroka,49,Soroka,49
1236,Nirit,895.0,32.146206,34.984821999999994,Meir,13,Belinson,19
351,Nizzan,2343.0,31.749544,35.2104684,Shaarey Zedek,5,Hadasa Ein Carem,8
1419,Nizzan B,631.0,31.737089,34.638234999999995,Asuta Ashdod,10,Shiba,47
1195,Nizzana (Qehilat Hinuh),283.0,30.885983000000003,34.422569,Soroka,76,Soroka,76
851,Nizzane Oz,1120.0,32.30608400000001,35.003278,Laniado,17,Belinson,41
1280,Nizzane Sinay,282.0,30.903428,34.396679,Soroka,79,Soroka,79
359,Nizzanim,382.0,31.717845,34.634636,Asuta Ashdod,10,Shiba,47
15,No'am,349.0,31.568567,34.788160999999995,Barzilay,30,Soroka,41
1333,Nof Ayyalon,2203.0,31.871215000000007,34.991321,Asaf Harofe,24,Hadasa Ein Carem,37
257,Nofekh,594.0,32.043748,34.920306,Belinson,11,Belinson,11
3790,Nofim,794.0,32.155458,35.09984,Asaf Harofe,38,Belinson,39
1284,Nofit,2672.0,32.763374,35.148315999999994,Carmel,23,Rambam,24
55,Nogah,558.0,31.625691,34.69528,Barzilay,17,Soroka,54
3726,Noqedim,2250.0,31.645331,35.244064,Augosta Victoria,22,Hadasa Ein Carem,47
447,Nordiyya,1943.0,32.314656,34.896792,Laniado,7,Belinson,31
4304,Nov,931.0,32.832852,35.783574,Poriya,44,Rambam,125
833,Nurit,159.0,32.543238,35.355755,Haemek,15,Rambam,56
4010,Odem,139.0,33.1933716,35.7495651,Ziv,56,Rambam,133
31,Ofaqim,29021.0,31.311337,34.622824,Soroka,29,Soroka,29
810,Ofer,650.0,32.621882,34.983472,Carmel,26,Rambam,29
3617,Ofra,3039.0,31.955101000000006,35.260324,Hadasa Har Hazofim,26,Hadasa Ein Carem,37
1046,Ohad,407.0,31.238436,34.431893,Soroka,56,Soroka,56
737,Olesh,1119.0,32.331969,34.985321,Laniado,18,Belinson,43
1108,Omen,368.0,32.564279,35.241941,Haemek,13,Rambam,45
666,Omer,7586.0,31.264305,34.849864000000004,Soroka,6,Soroka,6
680,Omez,832.0,32.369215999999994,34.993129,Hilel Yafe,19,Belinson,48
1020,Or Aqiva,18236.0,32.509965,34.920394,Hilel Yafe,8,Rambam,41
1294,Or HaGanuz,548.0,33.005183,35.446736,Ziv,11,Rambam,69
67,Or HaNer,754.0,31.556197,34.602305,Barzilay,18,Soroka,50
2400,Or Yehuda,36864.0,32.029748,34.856173,Shiba,7,Shiba,7
780,Ora,1337.0,31.752109,35.150165,Hadasa Ein Carem,3,Hadasa Ein Carem,3
882,Oranim,179.0,32.711224,35.109579,Carmel,18,Rambam,19
3760,Oranit,8807.0,32.131924,34.99081,Asaf Harofe,19,Belinson,20
2012,Orot,507.0,31.740364000000003,34.7356,Asuta Ashdod,13,Shiba,50
4013,Ortal,343.0,33.086236,35.758661,Ziv,41,Rambam,118
3748,Otni'el,1037.0,31.438812,35.028163,Soroka,36,Soroka,36
32,Ozem,642.0,31.637665,34.705108,Barzilay,17,Soroka,53
2059,Pa'ame Tashaz,558.0,31.437967,34.692875,Soroka,31,Soroka,31
597,Palmahim,659.0,31.932705,34.706874,Wolfson,18,Shiba,23
1151,Paran,481.0,30.362646,35.155149,Yoseftal,100,Soroka,150
7800,Pardes Hanna-Karkur,42083.0,32.4728028,34.9742001,Hilel Yafe,11,Rambam,49
171,Pardesiyya,5830.0,32.305011,34.911731,Laniado,11,Belinson,29
599,Parod,566.0,32.933066,35.434318,Ziv,19,Rambam,58
749,Pattish,909.0,31.327829,34.559981,Soroka,34,Soroka,34
838,Pedaya,818.0,31.857768,34.883774,Asaf Harofe,15,Shiba,34
3768,Pedu'el,1910.0,32.062479,35.052619,Asaf Harofe,33,Belinson,34
750,Peduyim,497.0,31.326275,34.612069,Soroka,29,Soroka,29
1185,Pelekh,139.0,32.93367,35.23361,Nahariya,24,Rambam,48
3723,Pene Hever,586.0,31.487074,35.1651,Soroka,55,Soroka,55
536,Peqi'in (Buqei'a),5815.0,32.976209000000004,35.335794,Nahariya,24,Rambam,59
281,Peqi'in Hadasha,547.0,32.982195000000004,35.323408,Nahariya,22,Rambam,58
2053,Perazon,326.0,32.545456,35.311114,Haemek,12,Rambam,53
1231,Peri Gan,242.0,31.222015000000006,34.355936,Soroka,59,Soroka,59
3659,Pesagot,1903.0,31.899984000000003,35.223923,Hadasa Har Hazofim,21,Hadasa Ein Carem,32
7900,Petah Tiqwa,244275.0,32.084041,34.887762,Belinson,2,Belinson,2
839,Petahya,839.0,31.866957,34.88687,Asaf Harofe,15,Shiba,34
3615,Peza'el,283.0,32.043492,35.443753,Hadasa Har Hazofim,64,Belinson,72
767,Porat,1256.0,32.277081,34.948816,Laniado,16,Belinson,30
1313,Poriyya Illit,1117.0,32.732736,35.546162,Poriya,2,Rambam,71
1104,Poriyya-Kefar Avoda,375.0,32.719846000000004,35.545563,Poriya,4,Rambam,73
1105,Poriyya-Newe Oved,1202.0,32.743763,35.53811,Poriya,1,Rambam,70
1211,Qaddarim,252.0,32.898886,35.47156500000001,Ziv,24,Rambam,73
195,Qadima- Zoran,22490.0,32.277644,34.919297,Meir,14,Belinson,27
638,Qalansawe,22788.0,32.285791,34.981487,Laniado,18,Belinson,44
3601,Qalya,416.0,31.749896000000003,35.466131,Hadasa Har Hazofim,40,Hadasa Ein Carem,55
3640,Qarne Shomeron,7713.0,32.171496000000005,35.097537,Meir,23,Belinson,38
1347,Qasr A-Sir,2302.0,31.083329,34.979579,Soroka,37,Soroka,37
1243,Qazir,2878.0,32.485178000000005,35.10873,Hilel Yafe,25,Rambam,56
4100,Qazrin,7132.0,32.990998,35.68986500000001,Ziv,32,Rambam,112
3781,Qedar,1565.0,31.754384,35.310732,Hadasa Har Hazofim,14,Hadasa Ein Carem,30
3557,Qedumim,4596.0,32.21239,35.157388,Meir,32,Belinson,47
4024,Qela,298.0,33.131601,35.69039,Ziv,42,Rambam,119
414,Qelahim,631.0,31.449795,34.679092,Soroka,33,Soroka,33
1167,Qesaryya,5170.0,32.519016,34.904544,Hilel Yafe,11,Rambam,43
4006,Qeshet,784.0,32.980388,35.808484,Ziv,51,Rambam,118
1052,Qetura,470.0,29.970887,35.061355,Yoseftal,50,Soroka,188
334,Qevuzat Yavne,976.0,31.813987,34.719103000000004,Asuta Ashdod,12,Shiba,36
4025,Qidmat Zevi,452.0,33.029485,35.697744,Ziv,33,Rambam,110
615,Qidron,1619.0,31.814142,34.795548,Kaplan,9,Shiba,36
78,Qiryat Anavim,459.0,31.809913,35.120842,Shaarey Zedek,11,Hadasa Ein Carem,12
3611,Qiryat Arba,7323.0,31.529326,35.115625,Hadasa Ein Carem,51,Hadasa Ein Carem,51
6800,Qiryat Atta,58267.0,32.809144,35.119772999999995,Rambam,17,Rambam,17
9500,Qiryat Bialik,39927.0,32.832154,35.088407000000004,Rambam,15,Rambam,15
469,Qiryat Eqron,10999.0,31.862547,34.8219576,Kaplan,2,Shiba,31
2630,Qiryat Gat,54973.0,31.611148,34.768459,Barzilay,24,Soroka,43
1034,Qiryat Mal'akhi,23124.0,31.730202,34.746996,Asuta Ashdod,14,Shiba,51
8200,Qiryat Motzkin,42014.0,32.838202,35.079522999999995,Carmel,14,Rambam,14
3746,Qiryat Netafim,937.0,32.117299,35.112115,Asaf Harofe,33,Belinson,34
2620,Qiryat Ono,39986.0,32.054863,34.858858000000005,Shiba,3,Shiba,3
412,Qiryat Shelomo,138.0,31.611148,34.768459,Barzilay,24,Soroka,43
2800,Qiryat Shemona,22625.0,33.207933000000004,35.57024600000001,Ziv,40,Rambam,116
2300,Qiryat Tiv'on,18121.0,32.716221000000004,35.127483000000005,Carmel,20,Rambam,21
9600,Qiryat Yam,39909.0,32.849276,35.068929,Carmel,13,Rambam,14
1137,Qiryat Ye'arim,5565.0,31.802774,35.099945,Shaarey Zedek,15,Hadasa Ein Carem,16
2039,Qiryat Ye'arim(Institute),179.0,31.802774,35.099945,Shaarey Zedek,15,Hadasa Ein Carem,16
766,Qomemiyyut,542.0,31.662583,34.7293,Barzilay,21,Soroka,51
1179,Qoranit,925.0,32.131924,34.99081,Asaf Harofe,19,Belinson,20
8700,Ra'annana,73999.0,32.184781,34.871326,Meir,4,Belinson,15
1161,Rahat,69032.0,31.394548,34.753934,Soroka,20,Soroka,20
1069,Ram-On,976.0,32.528742,35.258657,Haemek,18,Rambam,50
135,Ramat Dawid,503.0,32.678991,35.204036,Scotish,14,Rambam,36
8600,Ramat Gan,159159.0,32.068424,34.824785,Mayney Hayeshua,3,Shiba,5
184,Ramat HaKovesh,1098.0,32.218313,34.93829,Meir,7,Belinson,21
2650,Ramat HaSharon,46720.0,32.137793,34.840278000000005,Belinson,9,Belinson,9
335,Ramat HaShofet,1067.0,32.609356,35.094079,Haemek,28,Rambam,33
4701,Ramat Magshimim,704.0,32.844066,35.80658,Poriya,47,Rambam,122
127,Ramat Rahel,545.0,31.7403163,35.2178825,Shaarey Zedek,8,Hadasa Ein Carem,11
460,Ramat Razi'el,655.0,31.773573,35.074447,Hadasa Ein Carem,16,Hadasa Ein Carem,16
122,Ramat Yishay,7722.0,32.704029,35.166003,Scotish,15,Rambam,30
178,Ramat Yohanan,982.0,32.793457000000004,35.122208,Carmel,20,Rambam,21
339,Ramat Zevi,690.0,32.591962,35.414497,Haemek,18,Rambam,63
543,Rame,7650.0,32.937112,35.366984,Ziv,25,Rambam,51
8500,Ramla,75538.0,31.931566,34.872938,Asaf Harofe,5,Shiba,18
4702,Ramot,550.0,31.813708,35.200684,Hadasa Har Hazofim,7,Hadasa Ein Carem,14
206,Ramot HaShavim,1730.0,32.16509,34.881543,Meir,3,Belinson,16
735,Ramot Me'ir,753.0,31.874444,34.855208000000005,Kaplan,6,Shiba,31
445,Ramot Menashe,1144.0,32.597042,35.057177,Haemek,32,Rambam,35
372,Ramot Naftali,556.0,33.102354,35.553313,Ziv,26,Rambam,113
789,Rannen,671.0,31.33871,34.600358,Soroka,30,Soroka,30
1228,Raqqefet,1049.0,32.855569,35.264237,Nahariya,29,Rambam,34
1334,Ras Al-Ein,381.0,32.915734,35.372703,Ziv,26,Rambam,53
990,Ras Ali,624.0,32.772911,35.155512,Carmel,21,Rambam,22
1225,Ravid,113.0,32.850619,35.464074,Poriya,28,Rambam,67
713,Re'im,418.0,31.386159000000006,34.458822999999995,Barzilay,41,Soroka,46
444,Regavim,465.0,32.52344,35.033987,Hilel Yafe,21,Rambam,53
390,Regba,1085.0,32.977493,35.099129,Nahariya,5,Rambam,32
3568,Rehan,308.0,32.468752,35.135271,Hilel Yafe,32,Rambam,62
3822,Rehelim,790.0,32.10246,35.257756,Hadasa Har Hazofim,49,Belinson,51
854,Rehov,404.0,32.451099,35.489598,Haemek,33,Rambam,78
8400,Rehovot,141579.0,31.892773,34.811271999999995,Kaplan,4,Shiba,28
540,Reihaniyye,1184.0,33.049921999999995,35.487062,Ziv,14,Rambam,78
542,Reine,18891.0,32.719924,35.317654,Holy Family,5,Rambam,44
922,Rekhasim,12110.0,32.749265,35.099581,Carmel,16,Rambam,17
437,Reshafim,1040.0,32.481235,35.47879000000001,Haemek,28,Rambam,73
1260,Retamim,487.0,31.05401,34.690902,Soroka,47,Soroka,47
564,Revadim,766.0,31.773966,34.814807,Kaplan,18,Shiba,46
3795,Revava,2466.0,32.11871,35.129583000000004,Asaf Harofe,33,Belinson,33
354,Revivim,1081.0,31.045195,34.721086,Soroka,44,Soroka,44
2051,Rewaha,556.0,31.648695,34.733681,Barzilay,18,Soroka,48
2016,Rewaya,436.0,32.466111100000006,35.4583333,Haemek,32,Rambam,77
3565,Rimmonim,687.0,31.935382,35.340494,Hadasa Har Hazofim,27,Hadasa Ein Carem,52
616,Rinnatya,1195.0,32.044365,34.928477,Belinson,11,Belinson,11
8300,Rishon LeZiyyon,251719.0,31.9730015,34.7925013,Wolfson,11,Shiba,14
247,Rishpon,1445.0,32.201856,34.824723,Meir,17,Ichilov,20
3619,Ro'i,169.0,32.870688,35.419893,Poriya,31,Rambam,71
2640,Rosh HaAyin,56344.0,32.095838,34.952177,Belinson,14,Belinson,14
26,Rosh Pinna,3120.0,32.970422,35.542659,Ziv,12,Rambam,88
3602,Rosh Zurim,926.0,31.667791,35.125288,Hadasa Ein Carem,37,Hadasa Ein Carem,37
3782,Rotem,212.0,32.3366,35.518576,Haemek,48,Rambam,93
1341,Ruah Midbar,52.0,30.981535,34.733883,Soroka,42,Soroka,42
362,Ruhama,687.0,31.497378,34.705165,Barzilay,35,Soroka,35
997,Rumat Heib,1995.0,32.777590999999994,35.305683,Holy Family,20,Rambam,46
539,Rummane,1191.0,32.788118,35.311211,Holy Family,22,Rambam,48
1360,Sa'Wa,1739.0,31.261071,34.975564,Soroka,22,Soroka,22
419,Sa'ad,854.0,31.470185,34.534356,Barzilay,28,Soroka,42
454,Sa'ar,839.0,33.028689,35.109232,Nahariya,4,Rambam,38
525,Sajur,4209.0,32.943109,35.343616,Ziv,27,Rambam,51
7500,Sakhnin,31057.0,32.864167,35.29454699999999,Nahariya,31,Rambam,37
3567,Sal'it,1190.0,32.242589,35.051258000000004,Meir,19,Belinson,37
1245,Sallama,3265.0,32.893248,35.370499,Ziv,30,Rambam,56
1156,Samar,282.0,29.833968,35.022203999999995,Yoseftal,34,Soroka,205
636,Sandala,1609.0,32.522449,35.32442,Haemek,14,Rambam,55
3777,Sansana,458.0,31.361765,34.901003,Soroka,21,Soroka,21
1176,Sappir,405.0,30.613623,35.184144,Soroka,121,Soroka,121
126,Sarid,874.0,32.663059000000004,35.224755,Holy Family,14,Rambam,39
1114,Sarigim (Li-On),1095.0,31.678567,34.93509,Hadasa Ein Carem,36,Hadasa Ein Carem,36
578,Sasa,402.0,33.028659999999995,35.394569,Ziv,19,Rambam,68
587,Savyon,3968.0,32.045589,34.876578,Shiba,5,Shiba,5
942,Sawa'id(Hamriyye),177.0,32.767353,35.168378999999995,Holy Family,23,Rambam,31
1223,Sede Avraham,362.0,31.211594,34.335692,Soroka,62,Soroka,62
885,Sede Boqer,464.0,30.873611,34.793098,Soroka,53,Soroka,53
36,Sede Dawid,547.0,31.577476,34.683443,Barzilay,23,Soroka,52
861,Sede Eli'ezer,800.0,33.04647,35.56525,Ziv,22,Rambam,98
304,Sede Eliyyahu,691.0,32.441882,35.513803,Haemek,37,Rambam,81
2015,Sede Hemed,1017.0,32.158488,34.94280620000001,Meir,8,Belinson,21
721,Sede Ilan,586.0,32.75051,35.422429,Poriya,18,Rambam,58
18,Sede Moshe,774.0,31.610982,34.800427,Barzilay,27,Soroka,43
259,Sede Nahum,716.0,32.525068,35.480855,Haemek,24,Rambam,69
329,Sede Nehemya,1216.0,33.188234,35.62307,Ziv,42,Rambam,119
1058,Sede Nizzan,330.0,31.230035,34.418363,Soroka,56,Soroka,56
2057,Sede Terumot,452.0,32.440898,35.484204,Haemek,35,Rambam,80
739,Sede Uzziyyahu,1549.0,31.758437,34.678194,Asuta Ashdod,7,Shiba,44
284,Sede Warburg,1486.0,32.208690999999995,34.90325,Meir,5,Belinson,20
142,Sede Ya'aqov,1108.0,32.69756,35.14131500000001,Scotish,20,Rambam,23
2008,Sede Yizhaq,671.0,32.404959000000005,34.992168,Hilel Yafe,20,Belinson,55
293,Sede Yo'av,543.0,31.645723,34.676849,Barzilay,14,Soroka,54
2049,Sede Zevi,662.0,31.448831,34.712549,Soroka,31,Soroka,31
1031,Sederot,26455.0,31.522694,34.595581,Barzilay,21,Soroka,45
27,Sedot Mikha,391.0,31.721354,34.920683000000004,Kaplan,31,Hadasa Ein Carem,39
327,Sedot Yam,1055.0,32.492613,34.89315,Hilel Yafe,6,Rambam,47
1286,Segev-Shalom,10362.0,31.198361,34.839665000000004,Soroka,12,Soroka,12
2046,Segulla,746.0,31.669546,34.778426,Barzilay,25,Soroka,52
1132,Senir,562.0,33.240338,35.67701500000001,Ziv,53,Rambam,129
538,Sha'ab,6941.0,32.88967,35.238764,Nahariya,25,Rambam,33
4009,Sha'al,263.0,33.11653,35.718816,Ziv,44,Rambam,120
856,Sha'alvim,1899.0,31.870235,34.984303999999995,Asaf Harofe,22,Hadasa Ein Carem,37
661,Sha'ar Efrayim,1893.0,32.290662,34.999448,Laniado,19,Belinson,42
237,Sha'ar HaAmaqim,746.0,32.722621000000004,35.110601,Carmel,17,Rambam,18
264,Sha'ar HaGolan,552.0,32.686919,35.604656,Poriya,15,Rambam,84
921,Sha'ar Menashe,590.0,32.509997,35.0052,Hilel Yafe,18,Rambam,50
3720,Sha'are Tiqwa,6011.0,32.120679,35.026998,Asaf Harofe,19,Belinson,20
306,Shadmot Devora,686.0,32.696245000000005,35.43640999999999,Haemek,17,Rambam,66
3578,Shadmot Mehola,645.0,32.347731,35.530587,Haemek,49,Rambam,94
692,Shafir,904.0,31.697557,34.728181,Barzilay,18,Shiba,54
7,Shahar,875.0,31.618235,34.72374600000001,Barzilay,21,Soroka,57
1266,Shaharut,138.0,29.904093,34.999173,Yoseftal,81,Soroka,195
873,Shalwa,483.0,31.563697,34.766832,Barzilay,29,Soroka,39
432,Shamerat,555.0,32.95148,35.094955,Nahariya,9,Rambam,28
366,Shamir,912.0,33.166754,35.659949,Ziv,46,Rambam,123
1287,Shani,546.0,31.7810819,35.2179894,Hadasa Har Hazofim,5,Hadasa Ein Carem,10
3649,Shaqed,972.0,32.473745,35.168448,Hilel Yafe,32,Rambam,63
292,Sharona,573.0,32.726482,35.467726,Poriya,15,Rambam,72
398,Sharsheret,319.0,31.404819,34.604397,Soroka,32,Soroka,32
1377,Shave Darom,131.0,31.466377,34.638576,Soroka,38,Soroka,38
3571,Shave Shomeron,929.0,32.26372,35.183444,Meir,39,Belinson,56
282,Shave Ziyyon,1141.0,31.807616,34.648119,Asuta Ashdod,4,Shiba,39
324,She'ar Yashuv,667.0,33.2263493,35.64683570000001,Ziv,48,Rambam,125
555,Shedema,623.0,31.833778,34.74009,Kaplan,12,Shiba,36
8800,Shefar'am,41558.0,32.805765,35.169971000000004,Holy Family,21,Rambam,21
232,Shefayim,1276.0,32.216586,34.822409,Meir,15,Ichilov,18
846,Shefer,425.0,32.944553000000006,35.43784799999999,Ziv,17,Rambam,60
658,Sheikh Dannun,2851.0,32.9938295,35.1485684,Nahariya,6,Rambam,40
1160,Shekhanya,806.0,32.849186,35.246701,Holy Family,27,Rambam,32
812,Shelomi,6351.0,33.072609,35.145945000000005,Nahariya,10,Rambam,46
439,Sheluhot,462.0,29.9333333,35.0166667,Yoseftal,82,Soroka,195
1233,Sheqef,461.0,31.51489,34.937318,Soroka,38,Soroka,38
1045,Shetula,283.0,33.085919,35.315627,Nahariya,28,Rambam,65
763,Shetulim,2054.0,31.773687,34.684409,Asuta Ashdod,10,Shiba,47
527,Shezor,312.0,32.933936,35.354523,Ziv,26,Rambam,49
865,Shibbolim,307.0,31.396398,34.608144,Soroka,32,Soroka,32
913,Shibli-Umm Al-Ghanam,5995.0,32.684166999999995,35.396944,Scotish,18,Rambam,73
1165,Shilat,757.0,31.921173,35.014571999999994,Kaplan,26,Shiba,31
3641,Shilo,4153.0,32.054405,35.29909,Hadasa Har Hazofim,40,Hadasa Ein Carem,51
3784,Shim'a,714.0,31.387342,35.012699,Soroka,27,Soroka,27
1337,Shimshit,2547.0,32.732527000000005,35.246518,Holy Family,13,Rambam,38
1364,Shlomit,305.0,31.2064862,34.284526,Soroka,64,Soroka,64
741,Sho'eva,659.0,31.799369,35.079003,Shaarey Zedek,15,Hadasa Ein Carem,16
1304,Shoham,20990.0,31.9957581,34.9488403,Belinson,19,Belinson,19
614,Shomera,340.0,33.08247,35.281962,Nahariya,23,Rambam,60
1265,Shomeriyya,806.0,31.432154,34.884095,Soroka,27,Soroka,27
415,Shoqeda,559.0,31.422098,34.524383,Barzilay,37,Soroka,44
1235,Shorashim,498.0,32.892959999999995,35.258426,Nahariya,32,Rambam,38
456,Shoresh,1249.0,31.797488,35.065296999999994,Shaarey Zedek,17,Hadasa Ein Carem,18
224,Shoshannat HaAmaqim,496.0,32.354794,34.856814,Laniado,7,Ichilov,37
394,Shoval,802.0,31.413734,34.745814,Soroka,27,Soroka,27
761,Shuva,694.0,31.45148,34.545306,Barzilay,32,Soroka,40
610,Sitriyya,1101.0,31.889854,34.842094,Kaplan,4,Shiba,27
1238,Sufa,204.0,31.238309,34.341987,Soroka,61,Soroka,61
526,Sulam,2567.0,32.605633000000005,35.334306,Haemek,6,Rambam,53
3756,Suseya,1301.0,31.391051,35.110978,Soroka,39,Soroka,39
752,Ta'oz,616.0,31.801288,34.971971999999994,Kaplan,21,Hadasa Ein Carem,26
462,Tal Shahar,1366.0,31.804404,34.903271999999994,Kaplan,13,Hadasa Ein Carem,36
1181,Tal-El,1174.0,32.927306,35.182499,Nahariya,15,Rambam,35
2050,Talme Bilu,503.0,31.438055,34.644822999999995,Barzilay,36,Soroka,37
2003,Talme El'azar,898.0,32.447228,34.974991,Hilel Yafe,10,Rambam,53
1051,Talme Eliyyahu,313.0,31.229611,34.429114,Soroka,56,Soroka,56
744,Talme Yafe,833.0,31.616857,34.612482,Barzilay,11,Shiba,60
727,Talme Yehi'el,985.0,31.753621000000006,34.764308,Kaplan,18,Shiba,48
1237,Talme Yosef,323.0,31.199958,34.363751,Soroka,62,Soroka,62
3788,Talmon,4349.0,31.939475,35.133131,Belinson,47,Belinson,47
8900,Tamra,33851.0,32.852247,35.201315,Rambam,26,Rambam,26
547,Tamra (Yizre'el),1578.0,32.634918,35.402699,Haemek,11,Rambam,61
1346,Tarabin As-Sani,1089.0,31.345481,34.739126,Soroka,21,Soroka,21
778,Tarum,899.0,31.783306,34.980238,Kaplan,21,Hadasa Ein Carem,27
2730,Tayibe,43127.0,32.266892,35.009675,Meir,18,Belinson,36
497,Tayibe(Baemeq),1843.0,32.603882,35.44368,Haemek,22,Rambam,67
2062,Te'ashur,449.0,31.371709000000006,34.643547,Soroka,28,Soroka,28
1214,Tefahot,484.0,32.868562,35.422204,Poriya,32,Rambam,71
103,Tel Adashim,1480.0,32.657358,35.302478,Holy Family,8,Rambam,46
5000,Tel Aviv - Yafo,451523.0,32.0852999,34.7817676,Ichilov,1,Ichilov,1
154,Tel Mond,12862.0,32.256608,34.91846,Meir,13,Belinson,26
719,Tel Qazir,405.0,32.706396000000005,35.61786,Poriya,15,Rambam,84
1054,Tel Sheva,20204.0,31.247569,34.861193,Soroka,7,Soroka,7
1283,Tel Te'omim,543.0,32.442537,35.496409,Haemek,36,Rambam,81
287,Tel Yizhaq,1017.0,32.252745000000004,34.872378000000005,Meir,11,Belinson,24
84,Tel Yosef,549.0,32.556704,35.39891400000001,Haemek,15,Rambam,60
1177,Telalim,509.0,30.991511,34.771261,Soroka,40,Soroka,40
814,Telamim,912.0,31.563416,34.671997999999995,Barzilay,24,Soroka,52
3719,Telem,432.0,31.563051,35.031240000000004,Barzilay,54,Hadasa Ein Carem,59
3743,Tene,848.0,31.376132,34.957383,Soroka,24,Soroka,24
2002,Tenuvot,846.0,32.305863,34.962586,Laniado,14,Ichilov,41
3563,Teqoa,3882.0,31.652785,35.227517,Augosta Victoria,22,Hadasa Ein Carem,44
665,Tequma,699.0,31.448536,34.578084999999994,Barzilay,36,Soroka,40
6700,Tiberias,44234.0,32.795859,35.530973,Poriya,11,Rambam,68
2061,Tidhar,650.0,31.378858,34.630364,Soroka,29,Soroka,29
709,Tifrah,2163.0,31.324471000000006,34.679236,Soroka,21,Soroka,21
163,Timmorim,793.0,31.716336,34.761356,Asuta Ashdod,18,Shiba,51
1244,Timrat,1304.0,32.703801,35.225489,Scotish,13,Rambam,36
2100,Tirat Karmel,22210.0,32.762127,34.97298,Carmel,8,Rambam,10
663,Tirat Yehuda,1189.0,32.014833,34.935878,Shiba,14,Shiba,14
268,Tirat Zevi,904.0,32.422486,35.52832,Haemek,39,Rambam,84
2720,Tire,26162.0,32.235465999999995,34.950506,Meir,8,Shiba,27
10,Tirosh,501.0,31.750347,34.885915000000004,Kaplan,26,Hadasa Ein Carem,44
3558,Tomer,283.0,32.019668,35.43976,Hadasa Har Hazofim,60,Hadasa Ein Carem,76
962,Tuba-Zangariyye,6667.0,32.96621,35.592018,Ziv,16,Rambam,93
498,Tur'an,14036.0,32.775137,35.378344,Holy Family,16,Rambam,53
1083,Tushiyya,977.0,31.432895,34.541314,Barzilay,35,Soroka,42
1172,Tuval,324.0,32.928495,35.245675,Nahariya,23,Rambam,47
446,Udim,1375.0,32.266865,34.846995,Laniado,11,Ichilov,26
2024,Umm Al-Qutuf,1093.0,32.468084000000005,35.059149,Hilel Yafe,20,Rambam,54
1358,Umm Batin,4093.0,31.2767437,34.8829215,Soroka,10,Soroka,10
2710,Umm al-Fahm,55182.0,32.517127,35.148529,Haemek,24,Rambam,46
403,Urim,493.0,31.304094,34.524868,Soroka,37,Soroka,37
278,Usha,492.0,32.796458,35.114584,Carmel,19,Rambam,20
826,Uza,413.0,31.593042,34.764524,Barzilay,26,Soroka,41
528,Uzeir,3200.0,32.790614,35.326882,Holy Family,24,Rambam,50
1133,Wardon,286.0,31.663823,34.781766,Barzilay,24,Soroka,51
3639,Wered Yeriho,317.0,31.826192,35.432139,Hadasa Har Hazofim,29,Hadasa Ein Carem,45
1138,Ya'ad,682.0,32.881225,35.24064,Nahariya,27,Rambam,35
795,Ya'ara,741.0,33.068013,35.18608,Nahariya,14,Rambam,50
577,Yad Binyamin,4175.0,31.796685,34.820370000000004,Kaplan,19,Shiba,44
1134,Yad HaShemona,303.0,31.80955,35.089617,Shaarey Zedek,15,Hadasa Ein Carem,16
758,Yad Hanna,926.0,32.325311,35.006692,Laniado,18,Belinson,42
358,Yad Mordekhay,767.0,31.586963,34.5575,Barzilay,12,Soroka,54
775,Yad Natan,638.0,31.652961,34.704874,Barzilay,16,Soroka,51
64,Yad Rambam,1094.0,31.899841,34.900086,Asaf Harofe,12,Shiba,31
499,Yafi,18905.0,32.049357,34.758355,Wolfson,2,Ichilov,9
3566,Yafit,197.0,32.062687,35.474317,Hadasa Har Hazofim,64,Belinson,75
798,Yagel,929.0,31.987792,34.880262,Asaf Harofe,12,Shiba,14
96,Yagur,1604.0,32.741532,35.076826000000004,Carmel,14,Rambam,15
1158,Yahel,194.0,30.084234,35.128393,Yoseftal,65,Soroka,182
811,Yakhini,717.0,31.482205,34.598634000000004,Barzilay,25,Soroka,41
1295,Yanuh-Jat,6614.0,32.981568,35.241169,Nahariya,17,Rambam,51
753,Yanuv,933.0,32.307431,34.951384000000004,Laniado,13,Shiba,38
3647,Yaqir,2183.0,32.149831,35.114631,Asaf Harofe,38,Belinson,39
417,Yaqum,749.0,32.249196000000005,34.841903,Laniado,14,Ichilov,22
2026,Yardena,371.0,32.565357,35.565978,Poriya,28,Rambam,81
718,Yarhiv,1086.0,32.151536,34.967991999999995,Meir,11,Belinson,17
183,Yarqona,366.0,32.144524,34.897882,Meir,5,Belinson,10
575,Yas'ur,856.0,32.901145,35.166641,Nahariya,18,Rambam,29
828,Yashresh,1010.0,31.915667,34.847337,Kaplan,8,Shiba,25
1227,Yated,461.0,31.207042,34.326126,Soroka,62,Soroka,62
2660,Yavne,46705.0,31.877958000000003,34.739449,Kaplan,12,Shiba,26
46,Yavne'el,4294.0,32.708765,35.50377800000001,Poriya,9,Rambam,75
759,Yaziz,821.0,31.863226,34.861903000000005,Kaplan,8,Shiba,33
1044,Ye'af,308.0,32.268254,34.967425,Meir,17,Belinson,30
1144,Yedida,212.0,31.812281,35.104639,Shaarey Zedek,13,Hadasa Ein Carem,14
409,Yehi'am,716.0,32.996109000000004,35.22109099999999,Nahariya,11,Rambam,47
9400,Yehud,29930.0,32.0340049,34.8859465,Shiba,8,Shiba,8
831,Yeroham,9974.0,30.987804,34.929741,Soroka,41,Soroka,41
916,Yesha,410.0,31.247595,34.403091,Soroka,53,Soroka,53
440,Yesodot,913.0,31.815835,34.865636,Kaplan,17,Hadasa Ein Carem,40
29,Yesud HaMa'ala,1719.0,33.05358,35.589013,Ziv,23,Rambam,100
1232,Yevul,340.0,31.189458,34.318952,Soroka,65,Soroka,65
134,Yif'at,1152.0,32.675853000000004,35.223982,Holy Family,16,Rambam,38
453,Yiftah,539.0,33.128346,35.55203,Ziv,30,Rambam,114
2011,Yinnon,1176.0,31.741832,34.780947,Kaplan,18,Shiba,48
623,Yir'on,410.0,33.077239,35.454291,Ziv,20,Rambam,78
502,Yirka,17003.0,32.953492,35.21199,Nahariya,16,Rambam,40
805,Yish'i,760.0,31.752969,34.962586,Kaplan,29,Hadasa Ein Carem,32
3607,Yitav,348.0,31.947215000000003,35.422375,Hadasa Har Hazofim,54,Hadasa Ein Carem,70
3749,Yizhar,1635.0,32.169669,35.23642800000001,Meir,43,Belinson,53
452,Yizre'el,556.0,32.562589,35.319425,Haemek,12,Rambam,53
1112,Yodefat,867.0,32.836596,35.271481,Holy Family,28,Rambam,33
4007,Yonatan,705.0,32.93966,35.795468,Ziv,53,Rambam,120
240,Yoqne'am Illit,23311.0,32.660225,35.104606,Carmel,23,Rambam,24
241,Yoqne'am(Moshava),1398.0,32.655859,35.115152,Carmel,26,Rambam,27
803,Yoshivya,667.0,31.444699,34.608784,Barzilay,29,Soroka,38
866,Yotvata,696.0,29.896322,35.059227,Yoseftal,43,Soroka,196
2009,Yuval,625.0,33.246577,35.597063,Ziv,45,Rambam,122
1226,Yuvallim,1105.0,32.878163,35.269294,Nahariya,31,Rambam,37
1079,Zafririm,392.0,31.659618,34.944326000000004,Hadasa Ein Carem,38,Hadasa Ein Carem,38
594,Zafriyya,956.0,32.004315000000005,34.854664,Asaf Harofe,9,Shiba,11
816,Zanoah,506.0,31.733813,34.999369,Hadasa Ein Carem,28,Hadasa Ein Carem,28
975,Zarzir,7942.0,32.723291,35.220436,Scotish,14,Rambam,37
815,Zavdi'el,527.0,31.6592451,34.7602609,Barzilay,22,Soroka,49
413,Ze'elim,464.0,31.203909000000003,34.533359000000004,Soroka,49,Soroka,49
8000,Zefat,35715.0,32.964648,35.495997,Ziv,3,Rambam,76
799,Zekharya,1108.0,31.708812,34.944708,Kaplan,35,Hadasa Ein Carem,37
796,Zelafon,1016.0,31.805599,34.931797,Kaplan,15,Hadasa Ein Carem,35
1290,Zemer,6940.0,32.365684,35.034651000000004,Laniado,23,Belinson,47
818,Zerahya,719.0,31.681742,34.746419,Barzilay,21,Soroka,54
2064,Zeru'a,433.0,31.459133,34.624161,Barzilay,38,Soroka,39
612,Zerufa,1106.0,32.647822,34.946455,Carmel,23,Rambam,26
788,Zetan,1081.0,31.975178000000003,34.891732,Asaf Harofe,14,Shiba,16
9300,Zikhron Ya'aqov,23075.0,32.573905,34.951977,Hilel Yafe,17,Rambam,37
1065,Zimrat,589.0,31.447853,34.552288,Barzilay,33,Soroka,40
613,Zippori,970.0,32.7508232,35.2845292,Holy Family,10,Rambam,43
584,Ziqim,809.0,31.607204,34.520968,Barzilay,9,Soroka,60
1213,Ziv'on,245.0,33.026363,35.416723,Ziv,16,Rambam,74
1150,Zofar,440.0,30.559394,35.181474,Yoseftal,122,Soroka,126
198,Zofit,1271.0,32.19488,34.920085,Meir,4,Belinson,17
44,Zohar,359.0,31.595592,34.692362,Shiba,0,Shiba,0
44,Zohar,359.0,31.595592,34.692362,Shiba,0,Shiba,0
44,Zohar,359.0,31.595592,34.692362,Shiba,0,Shiba,0
1136,Zohar,454.0,31.595592,34.692362,Shiba,0,Shiba,0
1136,Zohar,454.0,31.595592,34.692362,Shiba,0,Shiba,0
1136,Zohar,454.0,31.595592,34.692362,Shiba,0,Shiba,0
1136,Zohar,454.0,31.595592,34.692362,Shiba,0,Shiba,0
44,Zohar,359.0,31.595592,34.692362,Shiba,0,Shiba,0
567,Zor'a,919.0,31.762653000000004,34.966931,Kaplan,28,Hadasa Ein Carem,31
465,Zova,636.0,31.784352,35.117952,Hadasa Ein Carem,8,Hadasa Ein Carem,8
3791,Zufim,2369.0,32.197318,35.008912,Meir,17,Belinson,32
1102,Zuqi Yam,264.0,32.360122,34.858542,Laniado,6,Ichilov,36
1262,Zuqim,323.0,30.491551,35.165443,Yoseftal,114,Soroka,135
1113,Zur Hadassa,9583.0,31.719374,35.096958,Hadasa Ein Carem,18,Hadasa Ein Carem,18
276,Zur Moshe,3343.0,32.298911,34.913117,Laniado,11,Belinson,29
1148,Zur Natan,318.0,32.239673,35.01402,Meir,15,Belinson,34
1345,Zur Yizhaq,6044.0,32.241478,34.997997999999995,Meir,14,Belinson,32
774,Zuri'el,335.0,33.006488,35.31479,Nahariya,20,Rambam,57
1221,Zurit,907.0,33.098985,35.288522,Nahariya,28,Rambam,64
1180,Zviyya,327.0,32.8894,35.3314,Ziv,35,Rambam,46
